Distance_m,Elevation_mm
0.0,0.9934283060224653
0.05,-0.17355470767048342
0.1,1.5013216783979315
0.15000000000000002,3.3549686483800665
0.2,-0.056443041407831795
0.25,0.04653181939895684
0.30000000000000004,3.7761574565795026
0.35000000000000003,2.2555082580583
0.4,-0.11542530027453168
0.45,2.011502744960535
0.5,0.10237779050000229
0.55,0.20055233849111953
0.6000000000000001,1.7187000298396105
0.65,-2.489059568055705
0.7000000000000001,-2.0096506921848962
0.75,0.4182494083039221
0.8,-0.38024601032170047
0.8500000000000001,2.3764517580239626
0.9,0.03439573470238022
0.9500000000000001,-0.871733959761043
1.0,4.986540138463332
1.05,1.7059955967968894
1.1,2.3948434853642393
1.1500000000000001,-0.48754029264932575
1.2000000000000002,1.375286607597444
1.25,2.7879170366728485
1.3,0.3660251806822372
1.35,3.521266385508242
1.4000000000000001,1.670365378183313
1.4500000000000002,2.389938928134713
1.5,1.871505001860995
1.55,6.880971395190371
1.6,3.250819254248094
1.6500000000000001,1.263689281729783
1.7000000000000002,5.125394043155997
1.75,1.1397025312209763
1.8,4.100092060430574
1.85,-0.13611401213880692
1.9000000000000001,1.2275987327531026
1.9500000000000002,4.378318035758715
2.0,5.562030509991379
2.0500000000000003,4.528209670127496
2.1,4.054423197163529
2.15,3.7836268516310847
2.2,1.5287695055382722
2.25,3.145966017273901
2.3000000000000003,3.7640764919410277
2.35,6.899153691861481
2.4000000000000004,5.571553589856945
2.45,1.4574940033309822
2.5,5.730846060998403
2.5500000000000003,4.411460853719184
2.6,3.9265691765764332
2.6500000000000004,6.60239098076027
2.7,7.539497137160334
2.75,7.438349489750836
2.8000000000000003,3.995473848986056
2.85,5.153429293877547
2.9000000000000004,6.532148593941797
2.95,7.918299243134878
3.0,5.10626438770169
3.0500000000000003,5.790512453736549
3.1,4.046188732320264
3.1500000000000004,3.963281503590541
3.2,8.07738734292036
3.25,9.261258661801952
3.3000000000000003,6.501000321866972
3.35,8.74812447733567
3.4000000000000004,7.5601621153956415
3.45,5.642272327005346
3.5,7.750712334252093
3.5500000000000003,10.199188197347848
3.6,7.1464387288345375
3.6500000000000004,10.442132819437571
3.7,2.167886124643217
3.75,9.145485466589028
3.8000000000000003,7.769849204801523
3.85,7.0915826586616655
3.9000000000000004,7.966726089987159
3.95,3.901435986445242
4.0,7.530358645663437
4.05,8.77681273288292
4.1000000000000005,11.111014656995684
4.15,7.211076174604006
4.2,6.722767782508831
4.25,7.4281248900774965
4.3,10.354070102609285
4.3500000000000005,9.272135177702268
4.4,7.646217154584147
4.45,9.823111867216213
4.5,9.081303707624306
4.55,10.914739712397331
4.6000000000000005,7.663371537419623
4.65,8.501905665925001
4.7,8.462487507369902
4.75,6.408866784825587
4.800000000000001,10.01704652001116
4.8500000000000005,10.035539628894606
4.9,9.61199037909534
4.95,9.220632284066735
5.0,6.946814309015696
5.050000000000001,9.023718013300554
5.1000000000000005,9.266733593696877
5.15,8.43446064999237
5.2,9.802992424994056
5.25,11.019907837472184
5.300000000000001,14.070111347914986
5.3500000000000005,10.732517282638605
5.4,10.983770796719838
5.45,10.404770359241734
5.5,6.800793336753266
5.550000000000001,10.66966059158074
5.6000000000000005,10.927177947208564
5.65,15.816905171828296
5.7,10.58907431036907
5.75,11.659935744065288
5.800000000000001,11.070129532788016
5.8500000000000005,8.884573884220588
5.9,13.589615045621239
5.95,12.889535218754435
6.0,13.049090788175416
6.050000000000001,9.72926546795454
6.1000000000000005,14.434295979105
6.15,8.90532347581193
6.2,12.962707080721449
6.25,16.24951828204813
6.300000000000001,9.966793176105886
6.3500000000000005,10.894171649898386
6.4,12.304611452185114
6.45,11.176537215518584
6.5,9.159977526243221
6.550000000000001,12.475880155012552
6.6000000000000005,10.2912284524463
6.65,13.43973219385323
6.7,10.730038031424943
6.75,15.744720144111291
6.800000000000001,11.15393321860301
6.8500000000000005,12.151526859196156
6.9,14.497514033986066
6.95,10.483198309637999
7.0,13.473909823124684
7.050000000000001,15.70695219087258
7.1000000000000005,9.950988723763622
7.15,13.608121284377152
7.2,13.83112549227696
7.25,14.947118060644755
7.300000000000001,10.98128751697174
7.3500000000000005,10.885594690768944
7.4,14.641310548029594
7.45,14.261914966752107
7.5,14.239046427060464
7.550000000000001,14.500667370050197
7.6000000000000005,12.517025084323812
7.65,14.410477100287792
7.7,14.600599700692172
7.75,12.65382512072728
7.800000000000001,17.88173663861922
7.8500000000000005,15.165097894338636
7.9,11.901652608230794
7.95,15.663775838854377
8.0,12.467294141464425
8.05,16.056393781391783
8.1,16.86455946362295
8.15,12.970722466223396
8.200000000000001,16.603131668162433
8.25,15.565805541499918
8.3,16.44779873657926
8.35,18.66026805976042
8.4,14.438477005238676
8.450000000000001,13.483918050480515
8.5,13.274063213538824
8.55,13.482736318890307
8.6,15.020979997618484
8.65,15.917874212873762
8.700000000000001,15.848897653905816
8.75,17.009385935098546
8.8,15.440082855473625
8.85,18.379761795390475
8.9,15.001548179050669
8.950000000000001,21.02892073739304
9.0,16.89718875057619
9.05,13.988360441910913
9.1,13.617260682759662
9.15,16.779908052424798
9.200000000000001,15.423501426682796
9.25,17.353436825662712
9.3,16.92646384295481
9.35,15.888426311515156
9.4,14.394133920021684
9.450000000000001,13.111204711189824
9.5,15.300586573855888
9.55,17.958669844266474
9.600000000000001,16.72585294814704
9.65,13.857517519099385
9.700000000000001,16.746221962294573
9.75,17.2208943459773
9.8,14.7324776757265
9.850000000000001,16.857108270562332
9.9,16.71507263775015
9.950000000000001,14.361242481228492
10.0,17.410815529181328
10.05,17.864396589644926
10.100000000000001,18.956044909350346
10.15,18.944188751267554
10.200000000000001,14.127414673652506
10.25,15.052797849990574
10.3,18.003737981765024
10.350000000000001,18.04598312305526
10.4,18.092773902883472
10.450000000000001,24.81193165431825
10.5,18.291561989127164
10.55,19.463746032903423
10.600000000000001,19.142972912269183
10.65,18.579626746255972
10.700000000000001,16.687700235856358
10.75,18.8770906881007
10.8,15.853933817711537
10.850000000000001,16.965896967756365
10.9,16.50827443177013
10.950000000000001,17.68173406099492
11.0,22.18580359573013
11.05,13.859972719407015
11.100000000000001,19.004555646196557
11.15,14.443650779109003
11.200000000000001,16.761780737605957
11.25,19.91962191888749
11.3,17.905870963347265
11.350000000000001,15.65692517025374
11.4,16.416424385573176
11.450000000000001,19.24035735319794
11.5,16.454071332573267
11.55,18.38087694144169
11.600000000000001,18.071770790052874
11.65,16.70960572076111
11.700000000000001,22.332385654127624
11.75,19.343538149361216
11.8,14.056128966315516
11.850000000000001,18.509548065586426
11.9,16.842802940227273
11.950000000000001,19.900490006088045
12.0,16.639340275011115
12.05,18.023178168517095
12.100000000000001,19.290405748623435
12.15,20.03923253318416
12.200000000000001,15.933931095092854
12.25,17.691834027135382
12.3,17.436769326284086
12.350000000000001,17.105335848182094
12.4,21.967748148128834
12.450000000000001,19.27115952762137
12.5,15.963295833225787
12.55,20.344166604200748
12.600000000000001,22.775645557994054
12.65,20.618665798042148
12.700000000000001,15.536909310214195
12.75,17.628607126585777
12.8,21.151835898365192
12.850000000000001,17.223125546007193
12.9,19.54606703208344
12.950000000000001,20.227173093790583
13.0,16.84303427837298
13.05,18.59634849785341
13.100000000000001,12.250882622035931
13.15,16.70217458482515
13.200000000000001,18.262860991967557
13.25,16.288993628256
13.3,22.065460995264818
13.350000000000001,15.955950171440648
13.4,17.951255104947514
13.450000000000001,19.107453480466496
13.5,21.74266475295035
13.55,16.002057846758767
13.600000000000001,21.213292296277046
13.65,18.9201327877111
13.700000000000001,16.9488710495333
13.75,19.847837398814274
13.8,19.33301297225379
13.850000000000001,17.7452446281969
13.9,19.095589681844384
13.950000000000001,18.195188451668642
14.0,19.202204168673635
14.05,20.308309073108564
14.100000000000001,22.164484747979714
14.15,16.524749406694355
14.200000000000001,23.2739031093158
14.25,15.110644172170751
14.3,18.71776125502707
14.350000000000001,20.204006620233574
14.4,19.594926637247504
14.450000000000001,17.792645351456322
14.5,18.62643305531414
14.55,18.060841426347142
14.600000000000001,17.87181301344611
14.65,20.75298038058767
14.700000000000001,19.770576198858375
14.75,17.67303142965647
14.8,20.859893106862582
14.850000000000001,19.676673483786043
14.9,20.688719141503228
14.950000000000001,20.32271346858498
15.0,17.405468124055574
15.05,17.942640985749723
15.100000000000001,20.55667885218825
15.15,20.281465518208623
15.200000000000001,19.017101045973845
15.25,19.291285297244325
15.3,21.609234835474755
15.350000000000001,17.86758617973767
15.4,20.14129823443818
15.450000000000001,18.638644501208002
15.5,18.60314678810432
15.55,21.231096593772172
15.600000000000001,20.67896485898288
15.65,20.649297566292255
15.700000000000001,21.626940206882445
15.75,19.05125405878915
15.8,20.36597692206937
15.850000000000001,18.373924244188682
15.9,19.63474078364299
15.950000000000001,18.71763722051264
16.0,19.16299684136944
16.05,20.149968294498176
16.1,17.313431394261098
16.150000000000002,23.124436464954105
16.2,16.916988406127288
16.25,16.489580784687742
16.3,21.222689682783457
16.35,20.477879848206918
16.400000000000002,20.13045874817489
16.45,20.1261544616309
16.5,18.831795463184477
16.55,17.04818864539497
16.6,18.98029929030299
16.650000000000002,17.459945550142354
16.7,20.749674875802594
16.75,18.490076356277804
16.8,17.117543363520287
16.85,18.109705307063813
16.900000000000002,19.561873410408808
16.95,17.591690883500767
17.0,17.05742637319707
17.05,19.171568177286005
17.1,19.156054642505296
17.150000000000002,17.633765807194926
17.2,17.686710885957442
17.25,19.073629176916544
17.3,15.693710688210114
17.35,15.754911967704679
17.400000000000002,17.112523121619137
17.45,18.101703050756424
17.5,19.12921387151384
17.55,21.43653002374439
17.6,20.1791750299918
17.650000000000002,18.121638155861007
17.7,18.380765378199644
17.75,16.390646709738885
17.8,18.33521381272093
17.85,17.771086400139694
17.900000000000002,18.969635299323905
17.95,16.64516367222049
18.0,19.313380833812424
18.05,21.31486474058282
18.1,18.006204600561386
18.150000000000002,19.001127221013935
18.2,19.551613571096663
18.25,17.34215143352598
18.3,18.565691168620127
18.35,18.11525394361491
18.400000000000002,18.257635468673342
18.45,16.48813112072451
18.5,18.054693847643243
18.55,18.972850404152855
18.6,20.849981001063178
18.650000000000002,19.836737183457462
18.7,22.194726126044145
18.75,16.323497861893202
18.8,19.572334308632072
18.85,18.163547549872565
18.900000000000002,22.145312559268987
18.95,16.11762813396716
19.0,16.02297610624935
19.05,16.471508886824886
19.1,13.390058654723104
19.150000000000002,16.553579771662402
19.200000000000003,16.053750247221203
19.25,17.839417209713044
19.3,18.188446243193063
19.35,21.223273500410887
19.400000000000002,19.33747220074963
19.450000000000003,16.248207393566318
19.5,15.570275336223071
19.55,18.315735114100033
19.6,14.65592690107929
19.650000000000002,20.923514185441277
19.700000000000003,19.58338937994184
19.75,16.24978182553107
19.8,13.72520193821683
19.85,19.822269864248042
19.900000000000002,16.848218183614275
19.950000000000003,19.51542428903302
20.0,13.813153573443918
20.05,15.765201916279644
20.1,16.936110696103317
20.150000000000002,16.980986507884477
20.200000000000003,15.948029523817976
20.25,18.05473104166953
20.3,14.634399040620822
20.35,16.445230119674115
20.400000000000002,16.930672474240207
20.450000000000003,17.67879640067115
20.5,18.03273388786792
20.55,14.319555708079166
20.6,13.45970016144696
20.650000000000002,19.04212610566216
20.700000000000003,17.110002295628163
20.75,14.906763368551207
20.8,19.464165438364873
20.85,16.55110119869668
20.900000000000002,18.63600466551992
20.950000000000003,16.369876085089704
21.0,20.313536793235514
21.05,19.65969999010857
21.1,15.607845460153218
21.150000000000002,18.005451755875466
21.200000000000003,17.309381054894885
21.25,18.711997342365287
21.3,14.000780717300508
21.35,17.258414883688488
21.400000000000002,17.958638755770135
21.450000000000003,12.279584704291414
21.5,13.385619211430186
21.55,11.628545697494147
21.6,15.122874053148221
21.650000000000002,17.05125635550476
21.700000000000003,18.575179126724738
21.75,15.672759426307268
21.8,18.73572007497948
21.85,12.672022075746622
21.900000000000002,11.979015629598225
21.950000000000003,15.228062755417291
22.0,16.060491448761947
22.05,15.180000832032011
22.1,11.0633659147955
22.150000000000002,14.972702464106426
22.200000000000003,12.49453124676197
22.25,16.395180963601693
22.3,15.74123852921722
22.35,13.080331829846976
22.400000000000002,13.884252771157795
22.450000000000003,12.745303248528076
22.5,14.689966914380724
22.55,16.67705834527299
22.6,12.74662663568446
22.650000000000002,15.67733586354826
22.700000000000003,13.559753432506332
22.75,12.985413227603667
22.8,14.307855435707053
22.85,12.402058470131427
22.900000000000002,13.31574381540292
22.950000000000003,11.977660960246242
23.0,18.253118995596946
23.05,14.344328140131264
23.1,12.824365305903509
23.150000000000002,14.601677065521296
23.200000000000003,13.898850360345266
23.25,13.631247426620025
23.3,15.25109379839123
23.35,15.487245853514082
23.400000000000002,12.860597090984013
23.450000000000003,12.71923342974828
23.5,13.269941267062386
23.55,9.165283960107324
23.6,10.68773532247818
23.650000000000002,16.400769318023258
23.700000000000003,16.905774373784197
23.75,13.06650250554872
23.8,14.666344268016266
23.85,14.08430917088613
23.900000000000002,19.568074402569074
23.950000000000003,15.597894575563057
24.0,13.051272216920466
24.05,11.34432248063582
24.1,9.990742630163744
24.150000000000002,13.558733027641845
24.200000000000003,11.587215953700936
24.25,10.203465540436861
24.3,11.702829154367977
24.35,10.78082994442299
24.400000000000002,16.266111930627048
24.450000000000003,14.602965174301364
24.5,12.771554276316747
24.55,15.695161237790888
24.6,12.837745078988961
24.650000000000002,10.90814026354586
24.700000000000003,15.62462431424789
24.75,13.603833619594646
24.8,10.39913105882751
24.85,12.04053088862294
24.900000000000002,10.617534232163878
24.950000000000003,9.550713958097159
25.0,14.116193948457934
25.05,16.030182880393614
25.1,9.361713065938677
25.150000000000002,13.232275719358649
25.200000000000003,10.75253410333616
25.25,11.02704597236822
25.3,10.7639844264322
25.35,10.168266835578304
25.400000000000002,11.94077081841154
25.450000000000003,10.129312121476612
25.5,12.279618912439254
25.55,11.585732567829984
25.6,11.155829336306601
25.650000000000002,9.766130358534324
25.700000000000003,10.375265368619344
25.75,12.987161401768446
25.8,12.425807290859606
25.85,9.416481901680093
25.900000000000002,11.517904446023522
25.950000000000003,12.769691944957856
26.0,7.875817861894204
26.05,12.249094834059289
26.1,9.784910684712962
26.150000000000002,12.199179442561311
26.200000000000003,9.479330258150327
26.25,7.343995804667881
26.3,7.646633931774815
26.35,10.945897259027078
26.400000000000002,11.317233065605514
26.450000000000003,8.937270020108333
26.5,11.97126027273531
26.55,7.319266548724732
26.6,10.458439975162948
26.650000000000002,8.116923992406168
26.700000000000003,9.18370724640391
26.75,10.53066844669455
26.8,8.663606899832715
26.85,9.563958255699989
26.900000000000002,12.294366157617738
26.950000000000003,9.076785760897746
27.0,11.850822725507667
27.05,7.868976099513597
27.1,11.137034033748478
27.150000000000002,12.909685595751881
27.200000000000003,5.032471073985045
27.25,8.33127255220215
27.3,11.028603791174362
27.35,9.417860928577756
27.400000000000002,10.51583349649252
27.450000000000003,8.515261495233046
27.5,9.846203806380553
27.55,9.31156653063308
27.6,11.908488454516792
27.650000000000002,10.031878049087815
27.700000000000003,10.14846455016744
27.75,8.599841109205807
27.8,8.39883346912331
27.85,8.459497575035721
27.900000000000002,10.064205512257027
27.950000000000003,8.384140860459802
28.0,9.756591511051179
28.05,13.278900801379939
28.1,10.821533488804638
28.150000000000002,8.378551393966315
28.200000000000003,11.384472193029165
28.25,8.117473010574178
28.3,4.8090896030266315
28.35,6.821018456254729
28.400000000000002,5.047599095448178
28.450000000000003,8.038289237867676
28.5,8.730429583641161
28.55,11.998889349200661
28.6,9.252438568161185
28.650000000000002,8.113100959325156
28.700000000000003,10.16298236680498
28.75,4.034922642997555
28.8,8.881599167730926
28.85,9.905433815421462
28.900000000000002,5.36002273634011
28.950000000000003,10.558355363861576
29.0,8.901654203064517
29.05,7.348063530289853
29.1,9.398346704455523
29.150000000000002,12.62847971724464
29.200000000000003,8.405306713768786
29.25,8.492666494468065
29.3,7.032327286893436
29.35,6.206358472768203
29.400000000000002,9.521893033810144
29.450000000000003,6.104405688788683
29.5,7.9152371791526
29.55,6.772502258599613
29.6,8.641671979081732
29.650000000000002,8.307116071972755
29.700000000000003,9.671137257882133
29.75,6.532477655014052
29.8,6.969402827468519
29.85,5.508458245662236
29.900000000000002,6.53442442716074
29.950000000000003,8.13483103661679
30.0,8.8516217474425
30.05,5.450925202114573
30.1,8.992277396907259
30.150000000000002,9.922350832519474
30.200000000000003,7.996155798435631
30.25,10.881291264657895
30.3,5.538739095640212
30.35,4.55583156916253
30.400000000000002,3.446730992967409
30.450000000000003,9.955499051694922
30.5,8.231590476628163
30.55,6.771349713232978
30.6,7.402328697719597
30.650000000000002,4.551499566598512
30.700000000000003,11.65428297400712
30.75,6.981739165257658
30.8,6.902821889561048
30.85,8.096520023263988
30.900000000000002,7.568179937638585
30.950000000000003,7.015325676413793
31.0,4.94822754089885
31.05,7.433955859281239
31.1,10.217135883245891
31.150000000000002,9.106220946427838
31.200000000000003,9.56427543986053
31.25,5.318220668519667
31.3,4.324421835236187
31.35,6.01526781022333
31.400000000000002,6.341733454139874
31.450000000000003,8.382341517687243
31.5,2.77293799546885
31.55,9.181111625181122
31.6,5.770374895177036
31.650000000000002,5.1972452339595385
31.700000000000003,3.9916532642117466
31.75,2.6712422382935888
31.8,7.592630193817501
31.85,6.0584992139389175
31.900000000000002,3.2977574597989685
31.950000000000003,3.2535803201630675
32.0,5.138470578202063
32.050000000000004,9.114629512445937
32.1,5.224195464810548
32.15,2.704130018400254
32.2,5.186214418650333
32.25,5.09978569104345
32.300000000000004,0.21924026910063965
32.35,5.4724537490430185
32.4,5.087454296022095
32.45,6.910266634975517
32.5,9.184548028618543
32.550000000000004,7.708799908206544
32.6,4.887179230509605
32.65,3.1814449664525846
32.7,10.511010612782641
32.75,5.4527767694268165
32.800000000000004,5.332502658337859
32.85,5.226953939109225
32.9,5.642190109541757
32.95,4.928373227284169
33.0,4.041101023951292
33.050000000000004,4.066296182666358
33.1,5.066355092789041
33.15,4.017118681814068
33.2,3.6506427368731944
33.25,5.261820769878069
33.300000000000004,4.511892255199469
33.35,8.002979817504812
33.4,-0.33353745762496434
33.45,7.125085726413615
33.5,7.408174173901648
33.550000000000004,0.743417333974949
33.6,4.179279186945322
33.65,4.0964920910009806
33.7,1.9993330404106273
33.75,3.2339690901296336
33.800000000000004,2.543960490345561
33.85,8.245426698722559
33.9,6.588280359772408
33.95,7.236335854683116
34.0,6.113136394463929
34.050000000000004,2.3885199991811588
34.1,3.574679103181518
34.15,5.579829798785717
34.2,2.134451155422064
34.25,5.982594878790235
34.300000000000004,4.054103690065935
34.35,3.7635346185147185
34.4,5.913783235416409
34.45,5.359342326688856
34.5,3.7281011195340796
34.550000000000004,6.748176133838721
34.6,2.2471382443743195
34.65,5.6211497328165585
34.7,5.555759833806216
34.75,3.7310083328148087
34.800000000000004,4.983176141538088
34.85,1.8097567017146132
34.9,6.14137638432631
34.95,3.9051211430355846
35.0,3.211346850488469
35.050000000000004,6.3369430338626955
35.1,2.8126328987518026
35.15,1.3870571661612625
35.2,1.0736444292205896
35.25,5.382108974127192
35.300000000000004,1.5926796614126566
35.35,7.646838729739459
35.4,-0.04263405903519413
35.45,7.498373945701212
35.5,4.511994309832619
35.550000000000004,3.8812926670867682
35.6,2.9699011995957068
35.65,4.843292651926801
35.7,3.955292219417857
35.75,6.222966306601439
35.800000000000004,4.23087802450897
35.85,4.289345232973394
35.9,3.2480945815745454
35.95,3.848262865382255
36.0,4.564850049059728
36.050000000000004,0.5162588798169252
36.1,1.2278301770032503
36.15,5.398590197491956
36.2,4.241908919129226
36.25,3.520581845007838
36.300000000000004,3.9140406795264826
36.35,4.561213703327305
36.4,2.7756609406987387
36.45,2.2879527180510353
36.5,4.225885718117957
36.550000000000004,1.8673331594221685
36.6,4.630717480083669
36.65,0.39942702458782
36.7,5.853536029234456
36.75,4.731297728364424
36.800000000000004,4.2892869425509454
36.85,5.7339800513429955
36.9,7.091162662535396
36.95,5.78081383974331
37.0,0.06242857826454529
37.050000000000004,1.1773689669168328
37.1,2.479473249797337
37.15,3.7741207568915334
37.2,4.750324780407128
37.25,2.256826097269485
37.300000000000004,4.07539219134869
37.35,2.1848747290887642
37.4,2.4666229339969084
37.45,0.8705893138459087
37.5,1.831931995300896
37.550000000000004,0.9697492442446967
37.6,1.7163238655827586
37.65,5.770536773688724
37.7,1.759868034093823
37.75,8.919071309308091
37.800000000000004,4.636811984937732
37.85,4.01594395375237
37.9,1.9258770577761066
37.95,5.039757531303309
38.0,2.4846303560144487
38.050000000000004,3.8769157797053055
38.1,8.750276084304243
38.15,3.435417575921206
38.2,5.923732686010497
38.25,2.2166988973952444
38.300000000000004,3.551156288209562
38.35,7.161030606198045
38.400000000000006,2.3640045517446655
38.45,7.241557090639207
38.5,5.031095821911953
38.550000000000004,2.4897997246104975
38.6,4.8788980949535965
38.650000000000006,5.558747523657936
38.7,4.857019861741261
38.75,0.4729157402200186
38.800000000000004,2.1592586115980335
38.85,3.118864613096809
38.900000000000006,3.4656036682828817
38.95,4.856581655380777
39.0,3.9716032442776985
39.050000000000004,0.9466716990041402
39.1,4.379109214685782
39.150000000000006,4.841430538976895
39.2,4.741576423722845
39.25,5.78548289343561
39.300000000000004,5.293879579357068
39.35,4.546695635813044
39.400000000000006,3.4904890937289617
39.45,0.3115669615486629
39.5,4.495575279387836
39.550000000000004,4.054744344164897
39.6,4.18573529238032
39.650000000000006,1.0924660249822655
39.7,1.4874109438490608
39.75,5.759564235683202
39.800000000000004,3.5780547369315423
39.85,5.024243309421128
39.900000000000006,3.7221242227559674
39.95,3.729412310830862
40.0,5.551045518846777
40.050000000000004,2.647129935958386
40.1,3.876364327591799
40.150000000000006,2.764635747551975
40.2,2.8254158542428978
40.25,3.08144273110663
40.300000000000004,4.149588115976146
40.35,2.753510079852901
40.400000000000006,6.228357699923706
40.45,1.9336185537225334
40.5,3.355225361119457
40.550000000000004,2.8557879937258352
40.6,6.635631486671941
40.650000000000006,4.141353192598102
40.7,5.81864111096422
40.75,0.7906782961320573
40.800000000000004,4.302883338805802
40.85,5.55516304498836
40.900000000000006,3.9477210781920675
40.95,5.921496602698633
41.0,2.7634709106185644
41.050000000000004,6.624381943668355
41.1,8.411247936854469
41.150000000000006,3.09566263933211
41.2,2.938344293648581
41.25,6.744247424974638
41.300000000000004,7.004869498098216
41.35,2.8083675246559574
41.400000000000006,3.0221899797171634
41.45,3.3075821114319552
41.5,1.1909477118998861
41.550000000000004,2.0513499363697005
41.6,1.8892830745627247
41.650000000000006,2.370983924686941
41.7,3.846325371839382
41.75,4.393340317246536
41.800000000000004,7.035225118436669
41.85,1.9469248606653862
41.900000000000006,5.921780023263736
41.95,3.5347512356186175
42.0,3.8734845476144613
42.050000000000004,5.331821263549461
42.1,1.7465937351668783
42.150000000000006,4.766795866935958
42.2,4.344900388103905
42.25,5.006996994597601
42.300000000000004,4.610607037500093
42.35,8.95311998477993
42.400000000000006,2.777362241554586
42.45,3.001241226436332
42.5,2.827415296638325
42.550000000000004,2.973269470305123
42.6,2.820040812828779
42.650000000000006,6.483501336024461
42.7,6.957189665986414
42.75,2.985459005340196
42.800000000000004,2.473066227551982
42.85,5.091487451767504
42.900000000000006,3.05514022109667
42.95,5.436428737394934
43.0,4.587436568642694
43.050000000000004,1.161172161362959
43.1,7.298782899710299
43.150000000000006,7.806679987631197
43.2,3.000537236611649
43.25,3.461937094407326
43.300000000000004,4.820329997674324
43.35,4.928802984081801
43.400000000000006,5.588297100094867
43.45,8.302963518755169
43.5,3.940030377991538
43.550000000000004,2.7087230068996364
43.6,1.558091736769208
43.650000000000006,2.866300602900859
43.7,4.27335277640887
43.75,7.940181791176479
43.800000000000004,3.327313861025857
43.85,4.821591557925558
43.900000000000006,4.3526556036492
43.95,6.773777971952642
44.0,9.462348334336887
44.050000000000004,3.3582377604761957
44.1,3.452585747017306
44.150000000000006,6.531270947774496
44.2,5.818209702300778
44.25,8.159309602019695
44.300000000000004,5.645207975447613
44.35,3.770210231409199
44.400000000000006,5.681530762343848
44.45,6.729036554523513
44.5,6.163981376121099
44.550000000000004,5.548929746868801
44.6,6.679070507077798
44.650000000000006,6.895624245409235
44.7,7.332633197065597
44.75,5.87698507453152
44.800000000000004,4.256544876685884
44.85,4.895387521285954
44.900000000000006,7.0261182851331245
44.95,2.9903280259680587
45.0,5.3726015333700134
45.050000000000004,3.859587090556482
45.1,4.714716133074412
45.150000000000006,7.225041677900597
45.2,5.06119496948388
45.25,4.782673948416863
45.300000000000004,1.980835450297835
45.35,6.203742330640884
45.400000000000006,6.012829339277101
45.45,9.058932241347373
45.5,4.127361910635443
45.550000000000004,5.19164612007361
45.6,5.262469146839916
45.650000000000006,7.928891618016638
45.7,4.593601973104927
45.75,5.3523665071625
45.800000000000004,6.020167071432137
45.85,5.1875608159756235
45.900000000000006,3.9313595246641104
45.95,5.222204337881051
46.0,6.9909966148728895
46.050000000000004,2.8003201975635674
46.1,5.1288145004971675
46.150000000000006,3.4720623122851597
46.2,7.271728186934379
46.25,1.8444920696064728
46.300000000000004,3.7821508676101603
46.35,5.663442501514539
46.400000000000006,8.048984282469172
46.45,4.795244238875446
46.5,3.8250430941038127
46.550000000000004,8.70634031147439
46.6,2.0564668289540724
46.650000000000006,0.5632334036812541
46.7,5.849104936475608
46.75,3.973076146439808
46.800000000000004,2.9427031707735187
46.85,6.409739377316333
46.900000000000006,5.488356877432221
46.95,3.8801962719165175
47.0,2.4552097679800746
47.050000000000004,6.7680630397383
47.1,6.330743185880154
47.150000000000006,4.8390420267567595
47.2,8.737579002728028
47.25,2.9109029265384154
47.300000000000004,2.0066436244183548
47.35,3.6803512645033996
47.400000000000006,4.979318619120922
47.45,5.563340492624722
47.5,4.6002060064961565
47.550000000000004,5.792648927657522
47.6,2.59116068769556
47.650000000000006,7.98730944638282
47.7,4.9408558029760705
47.75,7.344962889567293
47.800000000000004,5.800868063827173
47.85,6.033800972381682
47.900000000000006,6.264535223576255
47.95,6.024950833494334
48.0,6.419337167806054
48.050000000000004,7.796377497959538
48.1,5.5351164003954025
48.150000000000006,6.5639020198320255
48.2,4.970060374943628
48.25,8.03321827157725
48.300000000000004,3.803464143489777
48.35,8.761205370093412
48.400000000000006,5.081893237949094
48.45,2.303350485558792
48.5,5.4236060318864165
48.550000000000004,3.807593416165992
48.6,6.853084439052321
48.650000000000006,3.868449146636184
48.7,4.283027239766654
48.75,1.3978049740266085
48.800000000000004,4.27355955739015
48.85,0.3314908439495694
48.900000000000006,2.012310813729682
48.95,6.70160052931989
49.0,6.752812224107005
49.050000000000004,6.032351804254462
49.1,3.24749141323386
49.150000000000006,5.085808422037847
49.2,5.173592088462158
49.25,2.8634106100255288
49.300000000000004,8.186054405701777
49.35,6.932873402304451
49.400000000000006,4.734882921748033
49.45,5.229015059864458
49.5,5.590209020406817
49.550000000000004,1.0879398575351322
49.6,4.674785454733558
49.650000000000006,3.80266506429098
49.7,3.160647887151435
49.75,4.598700976510668
49.800000000000004,8.75304589417582
49.85,6.435885789946859
49.900000000000006,4.008123601236598
49.95,6.291681292990029
50.0,7.94101175066432
50.050000000000004,6.987102762042392
50.1,5.2523784122778086
50.150000000000006,3.8342725490411347
50.2,6.5193657301948225
50.25,5.90440586203706
50.300000000000004,6.902078944994127
50.35,6.376033396068494
50.400000000000006,7.198530846418121
50.45,4.022427425210127
50.5,7.72089370876871
50.550000000000004,5.474246312874635
50.6,9.222242684910272
50.650000000000006,3.685749976435384
50.7,8.528187268624954
50.75,5.443943208989862
50.800000000000004,3.7368741115742994
50.85,4.063252004881243
50.900000000000006,4.381366282404004
50.95,5.861152296958344
51.0,6.048971786950449
51.050000000000004,3.8461007468404285
51.1,4.934709700927742
51.150000000000006,9.25759458419487
51.2,8.417490717576324
51.25,5.824116448382214
51.300000000000004,5.016253725020349
51.35,5.168798730938862
51.400000000000006,6.143971716651475
51.45,2.8592594696563576
51.5,4.377708254229369
51.550000000000004,1.5426165902503586
51.6,5.665259866635909
51.650000000000006,6.147938668239006
51.7,3.873610140119666
51.75,7.974094815213965
51.800000000000004,2.3604289892693155
51.85,1.86874925412697
51.900000000000006,5.231639908766529
51.95,6.861867592352328
52.0,8.120157459891507
52.050000000000004,3.818859946938374
52.1,6.878010788150046
52.150000000000006,4.6273460465067675
52.2,4.342514443864909
52.25,6.438186165161013
52.300000000000004,5.958299491687442
52.35,1.483346089735992
52.400000000000006,7.571376038085748
52.45,7.360330305898555
52.5,3.330560851652991
52.550000000000004,5.3545174669392726
52.6,5.531879512800701
52.650000000000006,5.045759129576927
52.7,3.4040766045510855
52.75,3.141397502804172
52.800000000000004,4.413174607237684
52.85,6.7890596708859565
52.900000000000006,5.509800402398809
52.95,3.660048689308092
53.0,5.923030072904153
53.050000000000004,-1.3394199984870916
53.1,6.632905799709461
53.150000000000006,0.8333318514757697
53.2,3.5649376959270525
53.25,2.0272144415408313
53.300000000000004,1.6535997535078821
53.35,6.540697932762737
53.400000000000006,3.2593961612534046
53.45,4.863232477103233
53.5,4.051481057827791
53.550000000000004,5.074172149698548
53.6,4.248172777603892
53.650000000000006,1.5026527280912818
53.7,6.034948154680551
53.75,3.028347342126061
53.800000000000004,0.8758108696230016
53.85,3.105526199339197
53.900000000000006,6.935725200263078
53.95,5.606765009496562
54.0,3.180799554072691
54.050000000000004,3.151036703679262
54.1,3.1773959092932538
54.150000000000006,7.944941124167317
54.2,4.525760106435113
54.25,4.5920811124081
54.300000000000004,5.7623376026393185
54.35,4.148785856924071
54.400000000000006,3.122223784434386
54.45,3.2163723511279056
54.5,3.4342967007914083
54.550000000000004,3.471144893106748
54.6,4.968601373209598
54.650000000000006,3.5846495658375632
54.7,4.913115878680423
54.75,3.2531427671687227
54.800000000000004,3.538248653771408
54.85,-0.6493587198898272
54.900000000000006,5.14542431074286
54.95,3.9711340854755615
55.0,5.23922732819276
55.050000000000004,-2.5845919101495642
55.1,7.3490417353157875
55.150000000000006,2.857148287775909
55.2,5.316390150070798
55.25,0.9835714227092569
55.300000000000004,4.251951687313335
55.35,0.8822552612857186
55.400000000000006,1.703892975615885
55.45,6.741500220129635
55.5,2.493741557740121
55.550000000000004,3.2713033278418404
55.6,4.537566802687518
55.650000000000006,3.749451595375689
55.7,3.019245025233626
55.75,3.408311750322188
55.800000000000004,7.444866817203959
55.85,2.482107579300316
55.900000000000006,2.958516691593224
55.95,4.616265004432272
56.0,4.6843101917985654
56.050000000000004,4.805285877887828
56.1,3.6663178257901263
56.150000000000006,0.060145210431023166
56.2,5.569981677418332
56.25,-0.03294227151372109
56.300000000000004,2.821316091960275
56.35,0.663457292565228
56.400000000000006,1.9993637720547404
56.45,2.7404648757855314
56.5,2.6806226875316064
56.550000000000004,2.836387090702464
56.6,5.174275101143822
56.650000000000006,2.807898351490807
56.7,1.3661644357996414
56.75,3.7359713595786816
56.800000000000004,4.139729280765382
56.85,-0.7417634612044317
56.900000000000006,2.8605894024503784
56.95,3.0201457281968995
57.0,0.974358782750119
57.050000000000004,4.272260223281081
57.1,1.171772205572856
57.150000000000006,1.6737497781118327
57.2,1.0268441736805989
57.25,1.3542150972567788
57.300000000000004,-0.9197449756700222
57.35,-1.657868549269609
57.400000000000006,4.360352005683361
57.45,-0.5737906667002921
57.5,-0.9141801709081558
57.550000000000004,-3.290019975714838
57.6,-0.31332339887181204
57.650000000000006,-1.7340546096363436
57.7,4.143366145905617
57.75,2.8258677706471085
57.800000000000004,-0.6234814461620934
57.85,5.2039653789484435
57.900000000000006,2.6085891419493805
57.95,-0.05894930206029547
58.0,-4.462750731064906
58.050000000000004,5.062986071544564
58.1,-2.353309710571498
58.150000000000006,-2.9205328127988426
58.2,2.359531275176168
58.25,5.1377183536989826
58.300000000000004,2.970280853249127
58.35,1.2727748399506145
58.400000000000006,1.2773875557729035
58.45,1.7373343496072013
58.5,1.490688073679191
58.550000000000004,0.47724593937954385
58.6,0.06500328210672518
58.650000000000006,-0.3271401459715588
58.7,-1.7687296947456217
58.75,-0.8812876581855096
58.800000000000004,-3.765277161875079
58.85,-0.6357565215973843
58.900000000000006,-2.4762595691787492
58.95,-2.766541058383357
59.0,-0.26014278584368655
59.050000000000004,2.1032226291877993
59.1,1.0947196428094912
59.150000000000006,-3.9443257348863647
59.2,-2.8442696376567893
59.25,0.9545637671452667
59.300000000000004,-2.95419356005366
59.35,-1.5009986527811923
59.400000000000006,-0.014413629545568352
59.45,-3.1142625700188633
59.5,-1.0301472850966984
59.550000000000004,-3.972541158912262
59.6,-2.5710829771867743
59.650000000000006,-0.7929053874634073
59.7,-4.6828407171324855
59.75,-0.6805485618569566
59.800000000000004,-1.6656775662544492
59.85,-0.5865834666925385
59.900000000000006,-1.3091523087408496
59.95,0.9056289856067825
60.0,-1.638126548815762
60.050000000000004,-2.8135609689368675
60.1,-1.7765781209060043
60.150000000000006,-1.0012474562685034
60.2,-2.0570391320670014
60.25,-2.1407352282290932
60.300000000000004,-3.693303096932761
60.35,-3.6827626178514388
60.400000000000006,-5.230050501346781
60.45,1.0061980923306306
60.5,-5.049031695136886
60.550000000000004,-4.015697962053022
60.6,-4.135515054423771
60.650000000000006,-0.9778934290784371
60.7,-3.426909975529526
60.75,-0.4110197446885291
60.800000000000004,-4.3232012890009255
60.85,-2.4881687757430555
60.900000000000006,-4.787007191022818
60.95,1.1036122609568917
61.0,-5.632470655435591
61.050000000000004,-2.7084331052069093
61.1,-2.1315323163327635
61.150000000000006,-2.642708224877438
61.2,-3.912308799090764
61.25,-3.873006579467775
61.300000000000004,-3.59757647526107
61.35,-4.051238092080845
61.400000000000006,-1.9017088315387296
61.45,0.5191497921652006
61.5,-5.089502946051289
61.550000000000004,-6.786940355637967
61.6,-4.296903192193282
61.650000000000006,0.9658873921630295
61.7,-5.874257892490522
61.75,-1.0622356890492517
61.800000000000004,-1.0588090566000687
61.85,-5.595307153175361
61.900000000000006,-3.424260842756979
61.95,-1.3797041662769436
62.0,-5.469195107233318
62.050000000000004,-5.192712068485497
62.1,-6.023692106278007
62.150000000000006,-6.964787561621711
62.2,-6.308935576654294
62.25,-7.533527631538352
62.300000000000004,-5.092904647165711
62.35,-6.776598042924935
62.400000000000006,-4.844812891480409
62.45,-8.500059893037639
62.5,-4.802540375876969
62.550000000000004,-3.873421102376743
62.6,-9.604272021963379
62.650000000000006,-4.945150403535499
62.7,-3.3145270181544073
62.75,-8.26588470122498
62.800000000000004,-2.5783292884330535
62.85,-5.162438705169151
62.900000000000006,-7.48763187619784
62.95,-6.266404044789348
63.0,-5.1155935679379425
63.050000000000004,-6.157739376864817
63.1,-5.309859679087305
63.150000000000006,-8.306456556398523
63.2,-6.204239084900948
63.25,-9.448352190723126
63.300000000000004,-6.9214463198317375
63.35,-8.584986442094552
63.400000000000006,-8.326511384280346
63.45,-4.461646273297886
63.5,-4.829691689402718
63.550000000000004,-5.872610566386687
63.6,-9.354180165401667
63.650000000000006,-7.881129684197121
63.7,-4.9009632164031505
63.75,-7.12265565672066
63.800000000000004,-2.846443652534492
63.85,-6.777560019447777
63.900000000000006,-7.259267476346463
63.95,-8.340843014128957
64.0,-7.534844329785147
64.05,-8.186250846970157
64.10000000000001,-6.544545133134276
64.15,-6.126872731201562
64.2,-9.691832011041834
64.25,-10.86195284287788
64.3,-11.951586914439549
64.35000000000001,-7.342935392655484
64.4,-10.645443034827618
64.45,-12.82432992716523
64.5,-7.82127483196702
64.55,-3.692357918428752
64.60000000000001,-8.770462526069725
64.65,-7.161338959695131
64.7,-8.754694865181238
64.75,-9.196196436361337
64.8,-7.240355385610174
64.85000000000001,-9.739173529402493
64.9,-8.703977958257937
64.95,-8.675524357729447
65.0,-10.73527467630496
65.05,-7.495196455410511
65.10000000000001,-9.909398805978572
65.15,-11.151175663199249
65.2,-8.646876778040134
65.25,-11.597045769957843
65.3,-9.823960199139961
65.35000000000001,-9.978769722379894
65.4,-7.868943457207486
65.45,-9.171531759892073
65.5,-10.251163685072727
65.55,-8.645743740248717
65.60000000000001,-7.581009960775646
65.65,-9.325932431419913
65.7,-10.500952167191974
65.75,-13.22540772042704
65.8,-12.812011021962155
65.85000000000001,-11.372249237609829
65.9,-12.060805157835372
65.95,-11.295666171040875
66.0,-10.888325506193942
66.05,-10.022097707136455
66.10000000000001,-11.302291787634664
66.15,-10.268052199611553
66.2,-11.191815235295664
66.25,-15.351350176683685
66.3,-13.358682289398113
66.35000000000001,-11.847719624975554
66.4,-14.058402638314694
66.45,-10.518557030622386
66.5,-8.736243932691233
66.55,-9.439479837907939
66.60000000000001,-12.383071131238513
66.65,-9.053835933643375
66.7,-11.816974145412523
66.75,-12.867416952667712
66.8,-13.498898449051556
66.85000000000001,-12.955789829471646
66.9,-13.205867712572736
66.95,-12.167248595236263
67.0,-12.26540044860521
67.05,-12.658821207875487
67.10000000000001,-11.869296273420346
67.15,-10.44003101590746
67.2,-11.00025489580806
67.25,-15.9470844146102
67.3,-18.162938830002183
67.35000000000001,-11.264144653962953
67.4,-15.944106686320854
67.45,-13.737318867076745
67.5,-15.705323914944232
67.55,-17.04623662939949
67.60000000000001,-12.43639334857255
67.65,-12.077913763333738
67.7,-14.82600946302054
67.75,-18.931694194319057
67.8,-14.918572899834116
67.85000000000001,-13.118800906640802
67.9,-16.93640456801662
67.95,-13.687878783171724
68.0,-14.161077275289294
68.05,-13.047572379131704
68.10000000000001,-14.042528377946985
68.15,-16.303193758685964
68.2,-12.039109755019151
68.25,-14.824336001726852
68.3,-14.63673434772299
68.35000000000001,-16.523331018709328
68.4,-15.617847960211224
68.45,-16.575192878714258
68.5,-15.225596312787086
68.55,-11.530213842115923
68.60000000000001,-17.77116668662308
68.65,-18.32802490961064
68.7,-12.231900416793323
68.75,-15.666025763308475
68.8,-16.658456741841174
68.85000000000001,-13.313227407179646
68.9,-16.676783189253424
68.95,-11.885834974189102
69.0,-14.254089072187302
69.05,-16.65763133038195
69.10000000000001,-11.438838241297894
69.15,-17.0363062964004
69.2,-14.41188029765128
69.25,-15.368450466432371
69.3,-13.434284819744125
69.35000000000001,-12.985241159491153
69.4,-16.114512995803505
69.45,-17.755373571909292
69.5,-15.398366094971143
69.55,-17.74326690487908
69.60000000000001,-12.430337918895503
69.65,-16.253065700302653
69.7,-17.32554835632485
69.75,-16.294055725682938
69.8,-19.42591944955737
69.85000000000001,-18.742882194125876
69.9,-14.466547532874236
69.95,-18.248616402456406
70.0,-19.095830856396525
70.05,-15.995610277705088
70.10000000000001,-14.764137512697399
70.15,-15.763989697837518
70.2,-15.275869221065427
70.25,-18.84733814644116
70.3,-20.242865117668323
70.35000000000001,-14.461782077070195
70.4,-18.174721789672528
70.45,-18.0956453711759
70.5,-15.00191014606242
70.55,-16.609856746627777
70.60000000000001,-16.8742561891975
70.65,-13.519436041097231
70.7,-19.199577625526295
70.75,-16.119650195017115
70.8,-17.923779766184353
70.85000000000001,-17.56278073701466
70.9,-15.104868880081018
70.95,-17.20765327331263
71.0,-17.207927761117322
71.05,-16.200373933997028
71.10000000000001,-19.13583379925108
71.15,-20.144555945068838
71.2,-20.61562931443602
71.25,-22.518261984717157
71.3,-14.532333517820568
71.35000000000001,-20.91002211256487
71.4,-19.204626413955253
71.45,-19.373913296176834
71.5,-18.263292147328652
71.55,-17.30409886571075
71.60000000000001,-17.271740559065343
71.65,-20.215600762539115
71.7,-19.44008938640166
71.75,-18.59672548611586
71.8,-19.714944065530297
71.85000000000001,-16.058181740029642
71.9,-18.34586638773186
71.95,-17.912634117354663
72.0,-18.110828241935288
72.05,-17.143469549844642
72.10000000000001,-19.181823745647222
72.15,-22.190601199577788
72.2,-18.850250425642937
72.25,-21.00464548251053
72.3,-20.811084532960958
72.35000000000001,-18.632654496840335
72.4,-17.379957441569555
72.45,-19.864728974439675
72.5,-19.339959961221446
72.55,-16.60315310588877
72.60000000000001,-19.57563464401243
72.65,-14.902931644168078
72.7,-19.024032188994603
72.75,-23.724925234930854
72.8,-18.74465724391049
72.85000000000001,-19.536554937661663
72.9,-17.766485805306623
72.95,-19.046334549003884
73.0,-20.71589945135669
73.05,-22.933456457888006
73.10000000000001,-20.948359262828017
73.15,-22.27638468634586
73.2,-21.780997994472
73.25,-19.48697592569568
73.3,-17.368077738751904
73.35000000000001,-19.961868139596817
73.4,-23.185870294812883
73.45,-19.947358421661423
73.5,-18.485325099574055
73.55,-22.1397410507048
73.60000000000001,-21.229357741659225
73.65,-20.97265434042455
73.7,-22.612092006968826
73.75,-19.78555468326103
73.8,-21.363385743331087
73.85000000000001,-20.321350400304244
73.9,-22.973875670474374
73.95,-22.111832381115164
74.0,-19.82972423962231
74.05,-22.057269430198236
74.10000000000001,-17.894334893361393
74.15,-22.18373605561172
74.2,-20.970835276433807
74.25,-19.590302415682945
74.3,-24.32703157441415
74.35000000000001,-25.046268825780686
74.4,-24.609848391818662
74.45,-19.06678400469659
74.5,-22.7286152777112
74.55,-16.540975969098135
74.60000000000001,-22.81787254423597
74.65,-21.35180328812616
74.7,-18.6677387845925
74.75,-17.770348480158063
74.8,-17.68962398292883
74.85000000000001,-19.425515426732012
74.9,-19.82325803666444
74.95,-20.714981433283562
75.0,-20.371481077942235
75.05,-23.05825684672669
75.10000000000001,-23.619478297845152
75.15,-22.016536161807064
75.2,-22.37637349104003
75.25,-22.968186328750875
75.3,-20.69418902464842
75.35000000000001,-20.201093635744122
75.4,-21.959135614282808
75.45,-19.204638534558626
75.5,-24.46632900414632
75.55,-22.593023355124938
75.60000000000001,-23.661603150542607
75.65,-25.982785077547497
75.7,-22.43632467830669
75.75,-22.535206802336923
75.8,-19.285056699103915
75.85000000000001,-21.07007206172497
75.9,-24.399302113001042
75.95,-18.661469115403307
76.0,-19.945804371907663
76.05,-21.241384602030394
76.10000000000001,-22.87574620284214
76.15,-24.358343263099933
76.2,-23.200052971986448
76.25,-20.293803732875816
76.3,-18.717275930939596
76.35000000000001,-19.41459419002436
76.4,-23.492897061645706
76.45,-24.76803347781178
76.5,-22.260109105585016
76.55,-26.0913251065639
76.60000000000001,-21.920156723328688
76.65,-22.87322333272536
76.7,-23.521096656011927
76.75,-25.788914033867837
76.80000000000001,-21.582269979041957
76.85000000000001,-23.684311520737406
76.9,-24.967659848803454
76.95,-28.380742976794703
77.0,-22.699116140026415
77.05000000000001,-19.106925712947326
77.10000000000001,-19.33572725993214
77.15,-23.578728620952134
77.2,-23.874723732846675
77.25,-21.737987159468762
77.30000000000001,-24.6770146542111
77.35000000000001,-22.080839634734026
77.4,-21.15591362012884
77.45,-20.237329105392682
77.5,-22.894095285984637
77.55000000000001,-23.10319600684026
77.60000000000001,-24.453344457215046
77.65,-24.352139803086974
77.7,-23.151805374741933
77.75,-21.964053428621817
77.80000000000001,-20.87102008748392
77.85000000000001,-24.303419896643607
77.9,-19.710025001863194
77.95,-23.235456727355594
78.0,-22.73321851257339
78.05000000000001,-24.181648486346283
78.10000000000001,-27.53191347112366
78.15,-20.9110164318681
78.2,-21.2005600093942
78.25,-23.23150967564151
78.30000000000001,-22.52894595785851
78.35000000000001,-21.624587775508473
78.4,-25.774562666027457
78.45,-23.700046926440823
78.5,-21.045348685990323
78.55000000000001,-25.133859215299683
78.60000000000001,-22.02903269526416
78.65,-25.319646263478173
78.7,-21.663422745508
78.75,-22.656831770560114
78.80000000000001,-25.804544671174284
78.85000000000001,-20.23300082044105
78.9,-24.019327568746448
78.95,-24.15778073040603
79.0,-22.122735638620348
79.05000000000001,-20.212664446866413
79.10000000000001,-24.527115053124792
79.15,-22.357111382985625
79.2,-21.607305409264132
79.25,-21.06266246441928
79.30000000000001,-22.079394081611053
79.35000000000001,-23.14920495054149
79.4,-24.05267070401649
79.45,-22.207012760594676
79.5,-24.504858472071547
79.55000000000001,-28.184031398084628
79.60000000000001,-21.448431291797597
79.65,-20.49337261770776
79.7,-27.006269966478467
79.75,-24.278501181327393
79.80000000000001,-20.998838312893152
79.85000000000001,-18.099735870659927
79.9,-22.15019282799137
79.95,-23.624313583207456
80.0,-22.51010265073465
80.05000000000001,-19.370034214722292
80.10000000000001,-23.386668538932998
80.15,-23.66755381135452
80.2,-23.008563616079982
80.25,-23.923118404801052
80.30000000000001,-21.74398372238082
80.35000000000001,-18.71230987962113
80.4,-21.28733071514619
80.45,-22.40949951951281
80.5,-22.459199882352443
80.55000000000001,-24.972226172717154
80.60000000000001,-20.04937541934946
80.65,-21.940503839262632
80.7,-22.114508662785404
80.75,-15.335538894264843
80.80000000000001,-21.091940116438263
80.85000000000001,-23.16020756995538
80.9,-22.476008776262997
80.95,-19.292559820704103
81.0,-21.328558597609476
81.05000000000001,-24.396795081905957
81.10000000000001,-19.646413511795078
81.15,-22.78528539826383
81.2,-17.666022172380146
81.25,-19.215637822527277
81.30000000000001,-22.23299080530435
81.35000000000001,-18.738425300020364
81.4,-21.126357099157342
81.45,-19.517631110762885
81.5,-20.214324587205077
81.55000000000001,-22.83661790748371
81.60000000000001,-22.390622466656684
81.65,-19.002724432990465
81.7,-21.690826311763537
81.75,-21.786709737156478
81.80000000000001,-22.847304005423048
81.85000000000001,-20.047016932416934
81.9,-16.725832949358626
81.95,-22.942129193068812
82.0,-20.714319244038126
82.05000000000001,-17.89352743757996
82.10000000000001,-20.831978720631472
82.15,-19.722198152911883
82.2,-22.70549446363904
82.25,-19.677380184865356
82.30000000000001,-20.861092664720555
82.35000000000001,-18.467678173863344
82.4,-18.01622587729792
82.45,-15.163257823860281
82.5,-19.134034746673887
82.55000000000001,-19.59215486616879
82.60000000000001,-19.804957304493808
82.65,-20.849570502413776
82.7,-19.41531745620783
82.75,-20.63167204085987
82.80000000000001,-19.652069848001183
82.85000000000001,-17.301459480594595
82.9,-21.89694429108931
82.95,-17.550850207839524
83.0,-17.142670646418555
83.05000000000001,-19.95887830521031
83.10000000000001,-23.91184029323562
83.15,-20.828714258947524
83.2,-16.96357331529689
83.25,-19.54734479617022
83.30000000000001,-21.44381536090447
83.35000000000001,-20.39792076384158
83.4,-17.64985054907698
83.45,-18.179904673798315
83.5,-19.69308063225231
83.55000000000001,-19.89027520135018
83.60000000000001,-19.881119860444223
83.65,-20.88297029369744
83.7,-15.747516038756867
83.75,-19.5625989486859
83.80000000000001,-16.422906645563263
83.85000000000001,-15.753434345318887
83.9,-16.737866516146113
83.95,-19.535731934441976
84.0,-17.80261730567616
84.05000000000001,-18.59564012019539
84.10000000000001,-20.291411371955814
84.15,-17.77163724571382
84.2,-20.714375074451482
84.25,-15.916470046310154
84.30000000000001,-19.156192535856768
84.35000000000001,-17.759365688156432
84.4,-17.529436424553662
84.45,-18.547751575086505
84.5,-16.79008797483986
84.55000000000001,-18.846423543525383
84.60000000000001,-16.086771216941415
84.65,-20.453685924029493
84.7,-17.44094158145876
84.75,-13.747432614129663
84.80000000000001,-19.557161111186836
84.85000000000001,-18.842816528056787
84.9,-16.389961599099426
84.95,-16.98868935711145
85.0,-16.57629559456941
85.05000000000001,-16.22851400639018
85.10000000000001,-15.866409769862077
85.15,-14.845051808685138
85.2,-16.173049701432596
85.25,-17.40307698914873
85.30000000000001,-15.502930501883231
85.35000000000001,-12.975474249323796
85.4,-16.96731226060736
85.45,-18.5775589159204
85.5,-14.340445865401204
85.55000000000001,-16.721130269022094
85.60000000000001,-20.75112410343568
85.65,-14.636017566175742
85.7,-17.326254557956155
85.75,-16.361065902449234
85.80000000000001,-15.440106256314069
85.85000000000001,-15.646804118688445
85.9,-14.532307950964851
85.95,-16.745266556139637
86.0,-14.770841159150326
86.05000000000001,-16.238584361214592
86.10000000000001,-14.163990215350264
86.15,-14.332680922284828
86.2,-17.355785182230207
86.25,-13.234125251650397
86.30000000000001,-16.39889055223277
86.35000000000001,-13.631417380319656
86.4,-14.43322547705261
86.45,-11.411400374933645
86.5,-15.454370511487733
86.55000000000001,-15.62544885674601
86.60000000000001,-14.88473980960774
86.65,-15.371056838289368
86.7,-13.083324220676406
86.75,-17.834056815864948
86.80000000000001,-16.62674758908115
86.85000000000001,-16.572658087394206
86.9,-12.453831668960673
86.95,-10.850342614380459
87.0,-14.397320993002534
87.05000000000001,-14.442652689138715
87.10000000000001,-13.881227903306943
87.15,-11.613637729200677
87.2,-15.707904652501938
87.25,-13.292009248305558
87.30000000000001,-11.733648407240013
87.35000000000001,-12.596902254923345
87.4,-13.134727624206873
87.45,-11.426355137024368
87.5,-18.749227450402064
87.55000000000001,-11.90108972807563
87.60000000000001,-14.478834087146243
87.65,-16.745558617314092
87.7,-11.97526838142895
87.75,-10.163510813558386
87.80000000000001,-13.09865574245098
87.85000000000001,-10.830719840274563
87.9,-9.424404985388687
87.95,-9.93141044574102
88.0,-9.193376376723549
88.05000000000001,-10.90090771941928
88.10000000000001,-12.14594683216002
88.15,-15.412194249332199
88.2,-12.611636195394109
88.25,-13.71705605807634
88.30000000000001,-7.599535117875866
88.35000000000001,-12.203858888266796
88.4,-11.516156378900526
88.45,-10.569888986742438
88.5,-11.49576661365194
88.55000000000001,-8.102802223311967
88.60000000000001,-12.647959869523033
88.65,-10.923030140249224
88.7,-12.706600212913763
88.75,-13.770951168729619
88.80000000000001,-12.263527579081035
88.85000000000001,-11.02298542504536
88.9,-11.716280936955583
88.95,-12.15112837251468
89.0,-13.487379581254526
89.05000000000001,-10.749265408745774
89.10000000000001,-13.500659045273308
89.15,-8.879127886853347
89.2,-10.142242371142117
89.25,-13.129970550106686
89.30000000000001,-10.740898059494585
89.35000000000001,-11.534274822411728
89.4,-9.298967922175168
89.45,-7.163646885655826
89.5,-13.502002534039136
89.55000000000001,-9.428597317663689
89.60000000000001,-9.88579209649768
89.65,-8.129611616179012
89.7,-8.95255509869361
89.75,-10.789438016985935
89.80000000000001,-9.830055726984554
89.85000000000001,-10.690348668299146
89.9,-6.852535467931851
89.95,-8.868086025384228
90.0,-5.014397412881089
90.05000000000001,-8.844082855628162
90.10000000000001,-10.045473286136374
90.15,-11.561906242036514
90.2,-12.04649679405737
90.25,-11.51415469304016
90.30000000000001,-7.717223352062292
90.35000000000001,-7.139552037254081
90.4,-11.224843601020307
90.45,-6.177783466604427
90.5,-8.83932098119585
90.55000000000001,-7.484895622546827
90.60000000000001,-4.459270244153425
90.65,-5.795212907737089
90.7,-8.03108615716491
90.75,-9.181499014661316
90.80000000000001,-11.607794546022042
90.85000000000001,-8.647482133714714
90.9,-7.53641339104409
90.95,-8.993458144645297
91.0,-7.186531051189045
91.05000000000001,-6.675206316640979
91.10000000000001,-7.1834930379448485
91.15,-7.938638339288228
91.2,-6.206160131757145
91.25,-5.564411750264961
91.30000000000001,-8.533905132191848
91.35000000000001,-3.4360495758940215
91.4,-6.359894461531351
91.45,-6.029822386657774
91.5,-4.555898863200399
91.55000000000001,-5.410707230433453
91.60000000000001,-3.875686775754163
91.65,-5.112544089121739
91.7,-6.81651442455251
91.75,-4.773497811276565
91.80000000000001,-7.6888434405468615
91.85000000000001,-5.089181799624187
91.9,-5.277698438042003
91.95,-5.532439512288944
92.0,-5.278281287867625
92.05000000000001,-8.689940975923664
92.10000000000001,-5.928768494945225
92.15,-4.550746863550073
92.2,-4.321887072481632
92.25,-6.602161540760944
92.30000000000001,-1.920658193855615
92.35000000000001,-6.0897404001998074
92.4,-2.3238503343601877
92.45,-3.313810233269098
92.5,-5.366150969175468
92.55000000000001,-0.4286381028341202
92.60000000000001,-6.272166205598344
92.65,-1.952288927776705
92.7,-1.6952124080201383
92.75,-4.943475218664721
92.80000000000001,-0.7232428888331128
92.85000000000001,-3.9142890769281258
92.9,-2.7429181499270427
92.95,-2.7058608186293363
93.0,-3.401413711810801
93.05000000000001,-1.417566971363637
93.10000000000001,-1.3586918255032434
93.15,-6.349320318882257
93.2,-0.15026723872710201
93.25,-5.990730180835369
93.30000000000001,-0.5075622788824785
93.35000000000001,-0.22626576582235813
93.4,-4.56874597966576
93.45,-3.11569735350923
93.5,-4.4128551942064425
93.55000000000001,-2.5387892531595275
93.60000000000001,-2.6326441781157968
93.65,-0.3650128618219559
93.7,0.7883925407521049
93.75,1.0511161361035488
93.80000000000001,-2.772752373014284
93.85000000000001,-1.9751659847069014
93.9,-4.8320483955238505
93.95,-2.9855085387875
94.0,0.6471890897903887
94.05000000000001,2.039753578554617
94.10000000000001,-3.569162562066117
94.15,-2.19460367045376
94.2,-0.9718573006698809
94.25,-0.26825711128368135
94.30000000000001,-2.357485815312656
94.35000000000001,0.19997557583809022
94.4,-1.505864012401235
94.45,-0.4973023988704913
94.5,0.7137817106678095
94.55000000000001,-0.2765102084372318
94.60000000000001,-1.0728761607732535
94.65,-0.33025791183546577
94.7,-0.19888505202468143
94.75,-0.6734915301312386
94.80000000000001,-0.3625640302158536
94.85000000000001,3.4406253244389595
94.9,1.4532755223717229
94.95,-0.1716181683950203
95.0,1.9009547708895735
95.05000000000001,-0.07309440383445387
95.10000000000001,3.028085062602541
95.15,1.5082014717264713
95.2,0.6411816895539413
95.25,1.837873824006846
95.30000000000001,-2.112875705891276
95.35000000000001,-1.1384415439490079
95.4,-1.1867621024182404
95.45,1.5727439009108273
95.5,4.837430372053715
95.55000000000001,5.920313776761035
95.60000000000001,2.8188968498304208
95.65,2.6293304252736576
95.7,-1.8898638710486684
95.75,0.7112750537605514
95.80000000000001,0.30518479333481396
95.85000000000001,0.7229429996581633
95.9,1.711990393602695
95.95,1.1874883395853506
96.0,-1.7437893244052578
96.05000000000001,3.7935186683369526
96.10000000000001,0.23484475775509006
96.15,2.9411997328075374
96.2,6.69298684443798
96.25,0.787905903940401
96.30000000000001,-2.3523105034352048
96.35000000000001,2.2175792311735125
96.4,5.072561575208207
96.45,6.868121175194192
96.5,0.5728382190007917
96.55000000000001,4.105572038057886
96.60000000000001,2.261511781802656
96.65,3.059915902945429
96.7,8.639897941333166
96.75,0.42438586786158977
96.80000000000001,4.016635703649259
96.85000000000001,4.523085110980573
96.9,5.837524302185364
96.95,3.939879324700139
97.0,4.4376819406622205
97.05000000000001,3.1156560624009493
97.10000000000001,4.51428193575125
97.15,3.366418922997473
97.2,5.372421299071679
97.25,3.4662275928994815
97.30000000000001,5.03551459006403
97.35000000000001,4.298346610990853
97.4,6.68422219779124
97.45,4.404272867318272
97.5,1.035621310440563
97.55000000000001,7.179840662567623
97.60000000000001,2.9185281349826258
97.65,3.496136981612205
97.7,3.6857040191672614
97.75,7.698937917100013
97.80000000000001,0.7514246697981353
97.85000000000001,11.37065566320756
97.9,7.279329355228889
97.95,5.685419113765437
98.0,5.200542561431047
98.05000000000001,5.952484328428171
98.10000000000001,6.494310623291521
98.15,6.8128091983777255
98.2,6.703484912703377
98.25,5.840857100866642
98.30000000000001,5.3358513938639796
98.35000000000001,5.4960437153464134
98.4,5.475763301412729
98.45,8.198549082607808
98.5,7.181218389341707
98.55000000000001,0.17289458096186797
98.60000000000001,7.4196996004520885
98.65,6.543574594698201
98.7,6.1509906534038405
98.75,5.428310419310262
98.80000000000001,8.445622178026197
98.85000000000001,8.049529234354841
98.9,4.517692954779421
98.95,6.721790382081409
99.0,3.7234883408796975
99.05000000000001,2.557414931317334
99.10000000000001,3.5762977313736606
99.15,5.900895452323278
99.2,5.231203592788718
99.25,3.2729327337750496
99.30000000000001,2.36639274122867
99.35000000000001,0.34782794456928023
99.4,-3.8450343375212714
99.45,-3.844536175621002
99.5,-5.496906693260149
99.55000000000001,-8.17611679589821
99.60000000000001,-10.025888698817898
99.65,-13.753719253793609
99.7,-17.181668251553955
99.75,-18.295937579262297
99.80000000000001,-22.764927681373514
99.85000000000001,-26.3665497596916
99.9,-26.339502204180352
99.95,-28.358624852484013
100.0,-28.471894525851102
100.05000000000001,-27.044212749668638
100.10000000000001,-27.37092168457125
100.15,-24.87779855474055
100.2,-26.044556633372633
100.25,-19.441467377732536
100.30000000000001,-17.200354429110654
100.35000000000001,-16.00910015148483
100.4,-10.176228399734427
100.45,-6.786986828506873
100.5,-9.176713347371402
100.55000000000001,-4.984157670040864
100.60000000000001,-2.73716228645924
100.65,-1.0876433543050261
100.7,4.165315884366629
100.75,3.562721971896173
100.80000000000001,4.61295539591443
100.85000000000001,2.098804604706614
100.9,8.144346477185682
100.95,4.995236411340791
101.0,8.057057142165851
101.05000000000001,8.846080449456998
101.10000000000001,11.281617640409365
101.15,6.146857898531339
101.2,2.8815220155953027
101.25,9.409278320543505
101.30000000000001,12.738698006070113
101.35000000000001,11.694249356308054
101.4,9.702407832538784
101.45,8.358474629350248
101.5,11.009255317228513
101.55000000000001,7.497595679029087
101.60000000000001,10.44469073239044
101.65,10.548582357913327
101.7,11.702594668662424
101.75,15.145193889847453
101.80000000000001,10.453752192624414
101.85000000000001,8.693494165064218
101.9,9.702290714194543
101.95,6.25685735574504
102.0,8.44672409996749
102.05000000000001,9.05830858665948
102.10000000000001,8.869007231231379
102.15,10.261794649055014
102.2,8.351737641692853
102.25,12.277723830595951
102.30000000000001,10.074754294429177
102.35000000000001,10.09400998301324
102.4,9.494684479730159
102.45,10.498311401488692
102.5,11.875175521218686
102.55000000000001,8.527360367877073
102.60000000000001,8.98162250432711
102.65,9.726231027160562
102.7,7.677361820345615
102.75,8.765601590545073
102.80000000000001,9.486282364185772
102.85000000000001,12.221702549823076
102.9,11.031840335392582
102.95,10.92728455579718
103.0,12.274881453329339
103.05000000000001,10.330916680697953
103.10000000000001,11.418758829456307
103.15,10.46314886914478
103.2,11.231674940896616
103.25,9.566385682631065
103.30000000000001,5.884816611315834
103.35000000000001,10.524036011920114
103.4,13.667829818009455
103.45,12.70409970208346
103.5,12.811395720491706
103.55000000000001,13.381390928622114
103.60000000000001,11.114570677089162
103.65,11.359610611410732
103.7,9.756997231578525
103.75,10.387075712071756
103.80000000000001,12.277283170833293
103.85000000000001,13.479628726134582
103.9,10.818686320293214
103.95,10.222519925289586
104.0,11.148875061720316
104.05000000000001,12.374754996784189
104.10000000000001,8.30875646569165
104.15,6.627831630978294
104.2,10.142450731863203
104.25,8.825034558793083
104.30000000000001,10.272718730960435
104.35000000000001,11.015583607535776
104.4,10.426398634442013
104.45,14.25918851991359
104.5,12.028708490186414
104.55000000000001,11.996741439638894
104.60000000000001,12.66038977275344
104.65,9.158101790990385
104.7,13.533394711114335
104.75,11.322657048285055
104.80000000000001,12.833773541070887
104.85000000000001,9.367337567889738
104.9,8.421388130617954
104.95,13.182153384919314
105.0,12.316277198094747
105.05000000000001,9.776055695269255
105.10000000000001,9.857150807725503
105.15,13.86328315759976
105.2,9.249145834517872
105.25,14.928491948735578
105.30000000000001,9.856702379544519
105.35000000000001,12.94914790206503
105.4,11.02917072401852
105.45,12.906450628734188
105.5,10.625141379891312
105.55000000000001,11.400703792454026
105.60000000000001,11.820675871478835
105.65,9.746639329683642
105.7,13.244469582085362
105.75,10.74783147874526
105.80000000000001,11.328128728866036
105.85000000000001,9.807333158461203
105.9,6.681702527171133
105.95,11.434288050015002
106.0,16.651185162349783
106.05000000000001,13.404411887958535
106.10000000000001,11.805571046050012
106.15,11.326839407399342
106.2,11.90572416065742
106.25,12.96284526077859
106.30000000000001,9.514440713837152
106.35000000000001,14.111815034022285
106.4,13.320686904606308
106.45,13.332697040548393
106.5,12.779328440960319
106.55000000000001,11.947313098954025
106.60000000000001,13.259157923661592
106.65,13.10207365184705
106.7,11.215029590662931
106.75,10.78023023599203
106.80000000000001,12.135127742485654
106.85000000000001,15.033096900209014
106.9,9.460145454578052
106.95,9.006275148881596
107.0,12.273478019621104
107.05000000000001,12.048028510224313
107.10000000000001,12.294900861384704
107.15,12.437757569256197
107.2,11.504751091164165
107.25,14.931859275913752
107.30000000000001,8.750975209848418
107.35000000000001,10.296115467042402
107.4,11.746603552973237
107.45,8.666417852824393
107.5,11.60044956472138
107.55000000000001,15.274143764460044
107.60000000000001,11.991705307233044
107.65,12.409748567967926
107.7,9.426118883043195
107.75,10.711516200434907
107.80000000000001,11.191327533042266
107.85000000000001,11.303463791571223
107.9,14.49904943315132
107.95,13.047707753951274
108.0,9.705671215991448
108.05000000000001,12.417557680788292
108.10000000000001,12.9166539122319
108.15,14.195873893181533
108.2,15.071727523760623
108.25,9.87523487059635
108.30000000000001,10.278193951618437
108.35000000000001,9.378949450521818
108.4,11.41997398858437
108.45,12.814353219021632
108.5,13.849644383299415
108.55000000000001,11.716130202190765
108.60000000000001,11.221114035197939
108.65,12.1568237555344
108.7,10.175244449019907
108.75,16.01655591412878
108.80000000000001,8.613832327857168
108.85000000000001,12.19004111007731
108.9,15.858909595874003
108.95,11.816167672740033
109.0,11.413096356969092
109.05000000000001,11.068627647737936
109.10000000000001,11.412818834847867
109.15,14.509124516550399
109.2,7.329272811834446
109.25,14.809178846877252
109.30000000000001,8.883459744942016
109.35000000000001,11.186881855102156
109.4,10.850262066294906
109.45,12.874175849670271
109.5,8.48889510862086
109.55000000000001,12.597321843610198
109.60000000000001,15.709188760202668
109.65,8.921576924510068
109.7,12.014457229941856
109.75,10.297967172383267
109.80000000000001,12.460361385197503
109.85000000000001,11.63330893136598
109.9,10.298239076205114
109.95,12.542932258699318
110.0,15.161636150565931
110.05000000000001,11.15666421489187
110.10000000000001,12.96330136062093
110.15,8.922337241727085
110.2,9.580894287803584
110.25,12.423251890648597
110.30000000000001,14.431134308410854
110.35000000000001,12.158384708638714
110.4,10.805092779928547
110.45,11.413639785313745
110.5,8.897889183391204
110.55000000000001,12.591184770320432
110.60000000000001,13.130073750128751
110.65,10.444286767468505
110.7,10.391251509121526
110.75,11.845771469137022
110.80000000000001,10.423067852100024
110.85000000000001,11.146549799414126
110.9,15.460383987985626
110.95,10.748834357275925
111.0,10.50797306872998
111.05000000000001,9.911161942165077
111.10000000000001,12.676048550408403
111.15,10.806464499663468
111.2,9.8512465089033
111.25,13.77351421083423
111.30000000000001,13.950861862269267
111.35000000000001,9.89139690409518
111.4,7.3395931238454235
111.45,13.067972543178897
111.5,9.663803136015302
111.55000000000001,12.594279441869384
111.60000000000001,7.052636244604529
111.65,12.757706725567513
111.7,8.529691247139835
111.75,12.392943646920875
111.80000000000001,10.939201455561427
111.85000000000001,8.981878364840494
111.9,10.05465080164126
111.95,12.220193275568906
112.0,11.0380472851138
112.05000000000001,11.973657815345595
112.10000000000001,14.736160334786504
112.15,7.633119469270895
112.2,13.974229966962916
112.25,10.926599797551148
112.30000000000001,8.898286298044383
112.35000000000001,8.01307936934597
112.4,10.273206208141833
112.45,12.472378115368034
112.5,10.351503477043147
112.55000000000001,13.606330721695112
112.60000000000001,7.658986335323
112.65,10.514376779387343
112.7,8.010887246712667
112.75,11.219962258077759
112.80000000000001,12.243404923679607
112.85000000000001,9.604947897073236
112.9,5.214797199606124
112.95,10.79778911966203
113.0,11.249954724835197
113.05000000000001,11.161571205856795
113.10000000000001,12.800971830324174
113.15,8.163649910834891
113.2,11.642465773200314
113.25,12.64325374349387
113.30000000000001,6.677199965417456
113.35000000000001,10.849748852491329
113.4,9.178091650832965
113.45,9.999350515290475
113.5,10.833634203853054
113.55000000000001,9.139652699235267
113.60000000000001,8.738467862446024
113.65,10.133911037213453
113.7,7.866786877876411
113.75,7.845253804894658
113.80000000000001,11.351231069080235
113.85000000000001,7.670434384343256
113.9,11.276145294198894
113.95,10.844162974826336
114.0,6.442791657513573
114.05000000000001,8.514667533160148
114.10000000000001,12.233376728120021
114.15,7.85815966714158
114.2,8.866989094065854
114.25,10.695202731781396
114.30000000000001,11.31312407989517
114.35000000000001,9.21850854342583
114.4,8.50179266353908
114.45,12.51676533833149
114.5,13.125025666694524
114.55000000000001,11.580133660570082
114.60000000000001,9.768237889291818
114.65,7.956249356581026
114.7,7.887068653961894
114.75,10.568162132838312
114.80000000000001,10.335108919263694
114.85000000000001,12.276692625730686
114.9,10.749585296830444
114.95,6.417723187174332
115.0,11.50298900446471
115.05000000000001,7.37819607928227
115.10000000000001,8.5816142233266
115.15,9.825214757904282
115.2,13.291427318848259
115.25,15.495230126058772
115.30000000000001,10.46416474735196
115.35000000000001,8.859678200386261
115.4,10.27046498465991
115.45,10.952178471687494
115.5,8.51098021839763
115.55000000000001,12.71822217679973
115.60000000000001,9.56346334675057
115.65,10.074370953272155
115.7,10.386339017890629
115.75,9.873314467440345
115.80000000000001,10.683720168091913
115.85000000000001,7.747080091176417
115.9,7.840781810110916
115.95,6.732929435504193
116.0,9.788148841483547
116.05000000000001,10.442985919479653
116.10000000000001,9.776685380766297
116.15,12.186213597534962
116.2,8.802190256588439
116.25,10.127085776496411
116.30000000000001,6.582489610241476
116.35000000000001,7.968051691153614
116.4,10.109759283051293
116.45,10.393395692839738
116.5,8.08384239586515
116.55000000000001,8.505241799811436
116.60000000000001,5.589438082268977
116.65,7.887955764241667
116.7,10.359694450560175
116.75,9.706339521020032
116.80000000000001,9.534351735405798
116.85000000000001,8.609749930964098
116.9,8.50160461004681
116.95,7.144207224796584
117.0,9.839975022723241
117.05000000000001,9.261832200365982
117.10000000000001,9.381593560719246
117.15,7.323259119610885
117.2,4.046521245571661
117.25,10.525498072232537
117.30000000000001,7.351612515743537
117.35000000000001,6.561941816506424
117.4,9.652770134712354
117.45,7.460220947847299
117.5,10.342669753426454
117.55000000000001,9.43547836250411
117.60000000000001,9.547395176749061
117.65,5.427257621521658
117.7,10.56209382133341
117.75,8.639869848006088
117.80000000000001,7.358105394333377
117.85000000000001,8.36285725967335
117.9,4.503162077296901
117.95,8.852623739571515
118.0,5.9563958069541805
118.05000000000001,5.289755857525352
118.10000000000001,4.930474315972212
118.15,10.180806093028288
118.2,6.677281335826937
118.25,10.983786166655475
118.30000000000001,6.825395993448215
118.35000000000001,4.4630984195537415
118.4,5.625729793393445
118.45,10.311516843610288
118.5,7.509364425567221
118.55000000000001,6.706007256931862
118.60000000000001,8.104194891027841
118.65,8.769457639443523
118.7,9.982582269562759
118.75,10.62683590250334
118.80000000000001,6.992514868732383
118.85000000000001,5.042334983488481
118.9,6.850043258321569
118.95,8.18024438667431
119.0,5.715043407048771
119.05000000000001,5.711306920122432
119.10000000000001,8.296403105779374
119.15,7.494913818777701
119.2,7.641377748825033
119.25,6.042533838048286
119.30000000000001,7.082640784435131
119.35000000000001,5.679072014240899
119.4,9.292211013988055
119.45,9.566769949515937
119.5,3.788535229396861
119.55000000000001,5.606712864566239
119.60000000000001,4.457685020541111
119.65,6.135891265336471
119.7,7.254446784100226
119.75,4.507605173764709
119.80000000000001,5.5489394755261445
119.85000000000001,5.3706997298134205
119.9,7.779297658206981
119.95,7.489794606926013
120.0,5.894169407477289
120.05000000000001,7.678021712422189
120.10000000000001,6.217953335425271
120.15,6.755136097507887
120.2,10.632683768863787
120.25,9.954236582684231
120.30000000000001,4.661889665677535
120.35000000000001,8.908458538792294
120.4,8.859933396626817
120.45,4.928966418390101
120.5,8.85160820227053
120.55000000000001,10.278684952416974
120.60000000000001,4.946709041574305
120.65,5.345980928087018
120.7,9.205708821587734
120.75,7.702988237377463
120.80000000000001,8.252775296480234
120.85000000000001,7.821040687984837
120.9,7.911508945584809
120.95,4.46764397941231
121.0,9.205911993638065
121.05000000000001,9.441363033803974
121.10000000000001,6.634527049491436
121.15,6.997700026485126
121.2,4.014005072673536
121.25,8.096517351713555
121.30000000000001,8.204132925861813
121.35000000000001,6.927869466258465
121.4,9.293415730614093
121.45,6.369236893522499
121.5,8.159511150507184
121.55000000000001,4.984104911229558
121.60000000000001,6.96969065479568
121.65,6.661675601398621
121.7,7.454817612643508
121.75,6.259194734153223
121.80000000000001,6.729580060039103
121.85000000000001,8.639126737698689
121.9,6.1082421783379015
121.95,3.763586437689579
122.0,10.4711107591332
122.05000000000001,9.73028632473829
122.10000000000001,4.378521461733424
122.15,8.338365160812979
122.2,5.949137250162054
122.25,7.478433517113281
122.30000000000001,7.5365151884672095
122.35000000000001,6.476095200008658
122.4,5.37445982611572
122.45,5.558226338782683
122.5,5.104479253866918
122.55000000000001,5.271011073629278
122.60000000000001,6.798329470386095
122.65,5.499435161785503
122.7,8.2935672467611
122.75,9.902702626487658
122.80000000000001,5.767090580697351
122.85000000000001,7.405232663890014
122.9,7.925260621796169
122.95,7.8696020902122195
123.0,7.0774558926031546
123.05000000000001,8.411098898067152
123.10000000000001,7.890661784980758
123.15,4.451510166984462
123.2,8.66605976876331
123.25,8.703483604282585
123.30000000000001,5.403725820171648
123.35000000000001,7.00781173731084
123.4,8.300474141610168
123.45,6.5173107531450345
123.5,9.084258948425457
123.55000000000001,11.668654586993672
123.60000000000001,5.37178660407886
123.65,4.184760886286904
123.7,7.55782106607704
123.75,8.396885016249206
123.80000000000001,6.495845710576513
123.85000000000001,9.868160513052487
123.9,4.288730528173117
123.95,8.356324447602008
124.0,5.763552668753521
124.05000000000001,10.419059150796905
124.10000000000001,10.97060485923939
124.15,5.457773427770103
124.2,5.89772624984693
124.25,8.72201149631056
124.30000000000001,6.234810702777481
124.35000000000001,6.924726705277591
124.4,7.073043741765895
124.45,3.1898787130746302
124.5,7.0087477503513105
124.55000000000001,5.664405713340731
124.60000000000001,6.06529312959766
124.65,9.946719462976567
124.7,4.554597175141288
124.75,8.7024153107883
124.80000000000001,6.526711138689722
124.85000000000001,6.533986418070159
124.9,8.683357584361577
124.95,7.7920602706016115
125.0,8.262763970341394
125.05000000000001,9.067723532586509
125.10000000000001,6.478789140645901
125.15,5.9272190948252135
125.2,4.991912613146891
125.25,5.5221476213965515
125.30000000000001,13.082145909656244
125.35000000000001,9.684537393583831
125.4,4.504482883848175
125.45,4.573400696638339
125.5,8.193964718714984
125.55000000000001,8.336908531051478
125.60000000000001,8.35252265140789
125.65,6.757448472252213
125.7,7.029284965784802
125.75,7.94901360524171
125.80000000000001,7.478328565356466
125.85000000000001,2.8814559910410376
125.9,6.874197093505489
125.95,5.644947768308974
126.0,7.712371633879867
126.05000000000001,13.346878033912468
126.10000000000001,8.125956845441413
126.15,6.778789044240206
126.2,9.264526885565333
126.25,8.401594814128073
126.30000000000001,8.291921985478998
126.35000000000001,8.681166059932112
126.4,11.596500857082571
126.45,5.23780176031994
126.5,8.463222786134805
126.55000000000001,5.679790504233036
126.60000000000001,8.660385334695999
126.65,5.729006442857424
126.7,6.7488763922469
126.75,7.0108708422110775
126.80000000000001,9.570333810040124
126.85000000000001,9.473466945256646
126.9,5.1631878959262725
126.95,7.782761271961149
127.0,6.272208439825492
127.05000000000001,5.193036998392474
127.10000000000001,7.294893817576854
127.15,7.131044710093061
127.2,12.620725724291095
127.25,8.65269377359834
127.30000000000001,5.051218194598366
127.35000000000001,6.696780742886643
127.4,9.889166143769037
127.45,12.043549896352308
127.5,4.715155254175641
127.55000000000001,4.147922085986138
127.60000000000001,11.670540338416282
127.65,8.7288663168926
127.7,6.234267990337867
127.75,9.061513295315066
127.80000000000001,2.742346135888213
127.85000000000001,8.042362569995952
127.9,8.713205912944423
127.95,9.92823652538055
128.0,6.074216275904918
128.05,8.295872264776353
128.1,6.296314836461199
128.15,8.68077267526178
128.20000000000002,6.402327052661443
128.25,7.400004526006473
128.3,6.247932396454317
128.35,9.565361613518263
128.4,10.003684742642662
128.45000000000002,7.841400644201028
128.5,8.411141390147487
128.55,5.461668960764555
128.6,7.783846076333282
128.65,8.307297318440014
128.70000000000002,13.673957904585542
128.75,6.233259209465001
128.8,11.410524010931088
128.85,10.501016438998525
128.9,9.093852485166057
128.95000000000002,12.07525118045646
129.0,9.32779975832403
129.05,9.387632171261775
129.1,8.52894209437841
129.15,11.108333714691687
129.20000000000002,10.88028815862115
129.25,7.462288299165332
129.3,6.101579348090176
129.35,8.360679231295324
129.4,7.193264265287228
129.45000000000002,8.693125453495153
129.5,11.322014590850431
129.55,7.959627417751707
129.6,8.815803225207961
129.65,9.044839724888991
129.70000000000002,10.65312343712325
129.75,4.490071703134865
129.8,7.798157880451127
129.85,9.46195146212039
129.9,11.467483203691145
129.95000000000002,8.111575300667695
130.0,5.3704414548512425
130.05,10.391246260454333
130.1,7.9094829758843535
130.15,6.829364746164061
130.20000000000002,7.988601553268241
130.25,8.896937864496199
130.3,8.085295487410509
130.35,4.912546929018611
130.4,11.146801644042545
130.45000000000002,11.931503500359693
130.5,10.713973498652607
130.55,7.164824164186843
130.6,9.066566267554723
130.65,9.485946317524172
130.70000000000002,10.726101052947207
130.75,10.894798212118202
130.8,8.119454145345438
130.85,9.781554814395198
130.9,10.561961813841725
130.95000000000002,12.588956181215591
131.0,11.116306254107597
131.05,11.315457159105671
131.1,9.93511448089359
131.15,12.618561636728437
131.20000000000002,10.647413581466553
131.25,8.13601716732216
131.3,12.695296105628277
131.35,11.314781884290667
131.4,9.063360275417384
131.45000000000002,9.020986966540649
131.5,10.603697973254118
131.55,10.967537638179746
131.6,10.466418704106623
131.65,10.72516037548124
131.70000000000002,13.533207126725905
131.75,12.307166279688825
131.8,10.576174752389143
131.85,12.108382064354977
131.9,8.191601901492273
131.95000000000002,11.083421814616658
132.0,13.93712534185011
132.05,9.913390415255613
132.1,8.685206256557258
132.15,9.107308290278018
132.20000000000002,8.263249688008614
132.25,8.90403707282652
132.3,9.76360293312107
132.35,7.724554125858138
132.4,10.598002330903062
132.45000000000002,12.402403640854562
132.5,8.813424355926319
132.55,13.698593434956585
132.6,11.712697735349682
132.65,12.783359444912362
132.70000000000002,9.437608266705748
132.75,12.493398950464039
132.8,8.631541469730127
132.85,12.626952325165677
132.9,11.221168956889628
132.95000000000002,12.015008189643398
133.0,8.588312142872246
133.05,9.180335015526472
133.1,12.19587982952864
133.15,9.135649026142918
133.20000000000002,11.9896498069223
133.25,8.359821938855013
133.3,12.82127203797996
133.35,8.690666363372994
133.4,12.291063152295825
133.45000000000002,12.468433913315069
133.5,9.854293241657913
133.55,12.44250848411583
133.6,11.8299095598121
133.65,10.261859785995727
133.70000000000002,9.352898945332536
133.75,7.47516566063077
133.8,12.130067347790932
133.85,8.331450959690956
133.9,11.681970749886542
133.95000000000002,10.994545924353849
134.0,12.909819625726072
134.05,10.97746406136978
134.1,10.952607293263922
134.15,13.10511645191031
134.20000000000002,12.341285201149768
134.25,12.333194628748366
134.3,12.669048485741405
134.35,8.688914219613476
134.4,13.303093101252633
134.45000000000002,13.043820266584087
134.5,9.814790567012432
134.55,11.389174776812084
134.6,11.827802349225838
134.65,11.666404402275464
134.70000000000002,12.631996343185264
134.75,14.855783351417717
134.8,14.18524910631487
134.85,9.425833160127976
134.9,13.322855004395345
134.95000000000002,14.764910269172729
135.0,12.908871957002612
135.05,14.345307281451653
135.1,16.215856619781512
135.15,14.266579452962736
135.20000000000002,12.74549507413516
135.25,14.364642799095874
135.3,12.591697489105943
135.35,12.377049445150053
135.4,11.6535995482354
135.45000000000002,15.51030008764825
135.5,10.773519643704349
135.55,15.501871854227385
135.6,13.46347747618854
135.65,9.691600670979511
135.70000000000002,13.251823942704885
135.75,8.342630800912922
135.8,13.81970201481805
135.85,14.364992402736162
135.9,11.435499860191353
135.95000000000002,12.89282596913613
136.0,16.579398316817937
136.05,11.684774578261566
136.1,10.603466618299336
136.15,15.709449277806245
136.20000000000002,16.695962019962145
136.25,12.802666249031592
136.3,14.842507962152037
136.35,15.526658051519627
136.4,11.38267705572458
136.45000000000002,11.920785754393647
136.5,15.376708597308433
136.55,16.308358158304255
136.6,14.087266882667162
136.65,11.224855200986505
136.70000000000002,16.981385719300704
136.75,11.967899793852546
136.8,12.381940295348556
136.85,13.75905964418079
136.9,16.204664463894858
136.95000000000002,14.826044438974552
137.0,13.969359258580978
137.05,14.087525697282754
137.1,13.26908066564839
137.15,14.319213072189623
137.20000000000002,8.164474343933566
137.25,12.6508155033078
137.3,13.746883410737858
137.35,10.982191428751376
137.4,14.076614967671055
137.45000000000002,12.914541059613917
137.5,16.853714261034526
137.55,16.507843638139665
137.6,12.448994108011492
137.65,13.097488399280424
137.70000000000002,13.269582575162737
137.75,12.532225743892745
137.8,13.843412566050507
137.85,11.954365088169745
137.9,11.227011732662769
137.95000000000002,14.75072240642183
138.0,14.781158901980335
138.05,11.9300080559173
138.1,15.345628201930909
138.15,12.307775436241457
138.20000000000002,14.09300858830719
138.25,15.242844902184135
138.3,13.550139952122777
138.35,14.541782452314612
138.4,12.614102140208164
138.45000000000002,13.268412235589581
138.5,13.263731620381227
138.55,12.196117914487482
138.6,13.349267402876507
138.65,10.618835209420286
138.70000000000002,12.7467333179028
138.75,13.171969738213418
138.8,13.241750031520217
138.85,13.283210356636882
138.9,13.654477472913552
138.95000000000002,14.74839246820044
139.0,15.549748108361031
139.05,12.51208704756685
139.1,11.415816400180498
139.15,11.748425031234735
139.20000000000002,12.868096970917406
139.25,13.148340437168534
139.3,12.321560602326276
139.35,11.278376582624002
139.4,12.967111070764982
139.45000000000002,14.250632554173851
139.5,15.085946754805558
139.55,12.788830306337026
139.6,13.085147609256895
139.65,12.064889911919394
139.70000000000002,13.862226095795956
139.75,12.234737914111895
139.8,15.084012614571662
139.85,10.371855102672782
139.9,13.229827378829766
139.95000000000002,14.556465836717438
140.0,14.326748694524415
140.05,19.349637846848687
140.1,14.667322076085295
140.15,11.963423303143157
140.20000000000002,13.784071758373816
140.25,10.425630964587135
140.3,13.819701485995143
140.35,12.317218562169463
140.4,15.816191635451174
140.45000000000002,12.888060051685457
140.5,13.754985799863437
140.55,12.718424912830612
140.6,17.46791063073823
140.65,13.348032541106747
140.70000000000002,17.655583583447296
140.75,15.618364196917707
140.8,14.95342354718456
140.85,14.72562255568821
140.9,14.774252294358662
140.95000000000002,10.129447778715742
141.0,13.424793740202581
141.05,15.670274977414717
141.1,13.879192668818586
141.15,11.163263430782887
141.20000000000002,13.8651170085584
141.25,17.37404504820203
141.3,16.455149512586402
141.35,13.832512742973723
141.4,15.854195280290549
141.45000000000002,13.212678619585775
141.5,10.531964091455892
141.55,12.084407280879393
141.6,17.05236490574639
141.65,13.371464184341896
141.70000000000002,13.425159000189645
141.75,13.304339588935921
141.8,17.703989390746614
141.85,17.13894429206871
141.9,18.31550602584587
141.95000000000002,13.550381928092213
142.0,14.449854669460239
142.05,10.815059366510614
142.1,16.791556414927317
142.15,11.49107479161429
142.20000000000002,14.24873351402137
142.25,11.608726927894326
142.3,12.613347990828846
142.35,12.103905484799537
142.4,12.549626563415982
142.45000000000002,12.673675462374593
142.5,12.641523136518556
142.55,15.390463526230041
142.6,11.499399273383922
142.65,14.135130130032088
142.70000000000002,16.114480353127576
142.75,12.636275561683354
142.8,12.210527352118502
142.85,13.168602475316954
142.9,15.971977649552805
142.95000000000002,13.98320610044894
143.0,12.514613154654228
143.05,14.526432469896537
143.1,11.335318046232404
143.15,14.883429554075645
143.20000000000002,14.318317616752207
143.25,12.865462097939673
143.3,11.783466360648683
143.35,11.666417234467968
143.4,14.48813642110476
143.45000000000002,15.854766332435608
143.5,12.100073701998417
143.55,14.268926159353255
143.6,9.155141375077996
143.65,12.136581149324195
143.70000000000002,13.219897934354265
143.75,11.438425617799952
143.8,11.360133305546189
143.85,11.872517005144523
143.9,13.766967623645318
143.95000000000002,12.782005709898995
144.0,8.65385795398145
144.05,8.862151465447269
144.1,11.862627041832585
144.15,13.964110092451989
144.20000000000002,7.52568029156874
144.25,11.992755871892136
144.3,11.910819624215302
144.35,15.710662566760954
144.4,12.1341873330277
144.45000000000002,13.64002487688316
144.5,13.125948894062269
144.55,8.55126088590266
144.6,14.31733882409356
144.65,13.179819068239862
144.70000000000002,13.733235950846648
144.75,20.53641749171533
144.8,8.482530264905712
144.85,16.06653404980191
144.9,12.008200761858367
144.95000000000002,13.123279025639333
145.0,12.422692449119394
145.05,11.629910262595445
145.1,11.302953308598003
145.15,13.065443116337573
145.20000000000002,9.335454994016066
145.25,13.833907763460646
145.3,11.462878014665899
145.35,9.997215972656644
145.4,11.31898728591031
145.45000000000002,14.694540425511839
145.5,11.070371579502183
145.55,12.818319676005062
145.6,10.599441670256708
145.65,13.53671099075071
145.70000000000002,13.350967335201398
145.75,15.635825818152007
145.8,11.545708530776196
145.85,13.191946546182558
145.9,12.0081450630601
145.95000000000002,14.360699434544335
146.0,10.287810148408138
146.05,13.17157811396378
146.1,11.247839337496528
146.15,11.46409827848626
146.20000000000002,11.73079496989577
146.25,12.006161250691935
146.3,11.223188359548102
146.35,11.838614793115187
146.4,14.51854299716383
146.45000000000002,13.285901683406962
146.5,13.005584422094712
146.55,10.308047143999815
146.6,9.392074091105663
146.65,13.032165585967524
146.70000000000002,12.82424654403398
146.75,13.967663183928247
146.8,9.764110473592988
146.85,10.46230598250665
146.9,7.59134888463978
146.95000000000002,10.033871956200738
147.0,12.76003590289094
147.05,9.781569323263366
147.1,11.942770109661026
147.15,10.22764075248335
147.20000000000002,11.203184263084593
147.25,8.205698274492374
147.3,10.617099233662694
147.35,4.409596952192782
147.4,9.962855282183172
147.45000000000002,7.020070845111043
147.5,12.636968032794751
147.55,11.723348228090513
147.6,11.045023806573024
147.65,13.096437374691854
147.70000000000002,8.098930693428834
147.75,13.43342568076531
147.8,11.744615715463663
147.85,9.348254102463919
147.9,12.033336903735396
147.95000000000002,7.489842432809629
148.0,7.993335990617183
148.05,8.364722841647987
148.1,8.463089094130694
148.15,7.346676842392412
148.20000000000002,11.844312441674116
148.25,8.81839943313258
148.3,9.978689047163103
148.35,8.070157426185538
148.4,5.50644601864993
148.45000000000002,9.624172467962397
148.5,5.19556687929939
148.55,8.818443059538579
148.6,6.154331951521105
148.65,12.800382792492577
148.70000000000002,10.583044240170159
148.75,8.905934984747923
148.8,11.155571354163447
148.85,6.868880034479583
148.9,9.581449552780368
148.95000000000002,8.826716723814107
149.0,8.887368792141599
149.05,10.83589758997031
149.1,9.687667435608683
149.15,8.731255387893604
149.20000000000002,4.774791762246005
149.25,6.094868135826142
149.3,7.699576293532206
149.35,8.061431732739798
149.4,5.543760300515445
149.45000000000002,12.557523613090328
149.5,10.701011119630467
149.55,8.824665437840844
149.6,7.781232159734666
149.65,7.417575582803096
149.70000000000002,6.591213566219402
149.75,10.160857204318699
149.8,13.301930270533413
149.85,14.40334698508375
149.9,22.268957353606012
149.95000000000002,25.154892078414143
150.0,23.112588114520733
150.05,23.594542447542885
150.1,20.473201690593005
150.15,20.211964938666167
150.20000000000002,13.299177133024259
150.25,6.584517536106555
150.3,8.566664643802692
150.35,3.696906103588618
150.4,8.60206564169588
150.45000000000002,5.3277383340773925
150.5,5.980576069348127
150.55,8.73549209076914
150.6,3.4297123859382515
150.65,3.13050941302293
150.70000000000002,4.678088760422495
150.75,7.84229720099316
150.8,2.6467934807052345
150.85,-0.05918557319238181
150.9,4.622143610255903
150.95000000000002,6.54697642581651
151.0,7.762751735392004
151.05,4.35434096516524
151.1,4.375950119503728
151.15,7.42445079990201
151.20000000000002,1.2947204598964746
151.25,4.17442755866813
151.3,5.249295066621605
151.35,5.683578055653026
151.4,3.681937936522851
151.45000000000002,4.686563688846362
151.5,-0.4431208027845157
151.55,3.132613491503367
151.6,5.271430618363757
151.65,2.314856772105589
151.70000000000002,4.312176020550016
151.75,5.002448737948931
151.8,3.337837262244636
151.85,4.277833262150904
151.9,1.9251511477164611
151.95000000000002,3.3508471656164684
152.0,4.897700799385891
152.05,3.904160818817675
152.1,2.3298489219174447
152.15,3.863793400216431
152.20000000000002,4.756784321673412
152.25,-0.8603561853478179
152.3,5.4693960928459155
152.35,2.3902225260077636
152.4,3.8249608615899295
152.45000000000002,5.27949129974108
152.5,0.05243650742791228
152.55,1.287460877157128
152.6,2.0395795516441955
152.65,0.9592816062450409
152.70000000000002,5.906553723209058
152.75,0.632811110760559
152.8,1.144721867607245
152.85,2.573841628141832
152.9,-0.330196718434562
152.95000000000002,1.1915729408820563
153.0,2.526468822054266
153.05,1.1342679840254504
153.1,1.5214427907955574
153.15,0.5575838973474287
153.20000000000002,-1.5048542986781621
153.25,2.074920220096794
153.3,4.849059405693001
153.35,1.2832706934711198
153.4,1.6040872679261957
153.45000000000002,2.4459163148089704
153.5,-1.571455500175888
153.55,4.2787951721661015
153.60000000000002,1.184812253589898
153.65,3.9500884824430957
153.70000000000002,-0.8736372782275454
153.75,4.1344433872770825
153.8,1.9543609653875373
153.85000000000002,1.4157030041857255
153.9,0.6830898395889123
153.95000000000002,-0.37675013147310543
154.0,2.4264875117620415
154.05,0.21111479062750355
154.10000000000002,-4.0989168759555055
154.15,-2.4944634211094727
154.20000000000002,-0.7272326652545386
154.25,0.1688713911631583
154.3,-0.6600208271895905
154.35000000000002,1.7952514952004455
154.4,-4.640866101267723
154.45000000000002,-0.5475819281245626
154.5,-4.566931896756346
154.55,0.49211821292153646
154.60000000000002,-1.3126710892060516
154.65,-0.3810924045565113
154.70000000000002,-3.0447454128014453
154.75,1.145177732158218
154.8,0.5728220259395873
154.85000000000002,-0.4405134269386384
154.9,-1.963707838953398
154.95000000000002,-0.642123683662774
155.0,-3.31287890499355
155.05,-0.2853255742827958
155.10000000000002,1.2050971677269042
155.15,-0.05015282568372825
155.20000000000002,-3.7481667911461614
155.25,-1.6637906834264686
155.3,-5.070644406337884
155.35000000000002,-1.437386200179121
155.4,-1.7788319665639443
155.45000000000002,-6.517606865210068
155.5,-5.199537644968087
155.55,-3.5403008469376878
155.60000000000002,-3.6738499127725412
155.65,-5.589242861916858
155.70000000000002,-2.4905382468457167
155.75,-2.8638002740104955
155.8,-3.853579539835077
155.85000000000002,-5.074956979519885
155.9,-1.564328266779306
155.95000000000002,-0.44932958486075325
156.0,-4.825697731421142
156.05,-5.18136611869771
156.10000000000002,-3.0730979454832807
156.15,-4.870073398990623
156.20000000000002,-4.531327672149035
156.25,-2.8717597606915573
156.3,-8.268322085446757
156.35000000000002,-1.9115570482305095
156.4,-4.501357263627026
156.45000000000002,-5.568262925769355
156.5,-5.022301860284048
156.55,-5.017527226460966
156.60000000000002,-8.50333327408039
156.65,-2.1495881636345193
156.70000000000002,-5.155333398853441
156.75,-4.450483412040641
156.8,-3.5318709756780144
156.85000000000002,-7.575754978464866
156.9,-4.684919381448134
156.95000000000002,-6.265548913062601
157.0,-4.135096033090056
157.05,-10.181427441095412
157.10000000000002,-6.2234572457516375
157.15,-7.329163892550077
157.20000000000002,-5.357205368662123
157.25,-5.379803199482293
157.3,-7.833252145439047
157.35000000000002,-7.940402204938694
157.4,-6.835381535751993
157.45000000000002,-8.505270638874405
157.5,-5.125890105188947
157.55,-7.646075998293071
157.60000000000002,-12.819371790678803
157.65,-7.852699737925326
157.70000000000002,-9.277726922638399
157.75,-10.560694818450497
157.8,-9.870417488758745
157.85000000000002,-7.274082280883686
157.9,-4.932863438467939
157.95000000000002,-7.06092974817596
158.0,-8.997363677910203
158.05,-6.969508197339127
158.10000000000002,-8.896355252976523
158.15,-9.46412865457208
158.20000000000002,-10.480298657763557
158.25,-11.771765346130769
158.3,-9.144375450861864
158.35000000000002,-8.144724147022421
158.4,-8.750261233080648
158.45000000000002,-9.485007088248702
158.5,-10.640498165329667
158.55,-7.628316846844536
158.60000000000002,-11.574743536888093
158.65,-7.4839585259200785
158.70000000000002,-11.135844150892948
158.75,-10.731534366780727
158.8,-12.255342992655295
158.85000000000002,-10.419537489633086
158.9,-7.560917657404843
158.95000000000002,-8.574941503337664
159.0,-7.743851227170955
159.05,-8.750747737868581
159.10000000000002,-12.096546419919655
159.15,-10.644792651222232
159.20000000000002,-11.637450364069712
159.25,-7.50956762669121
159.3,-12.657784449597932
159.35000000000002,-8.570122865758552
159.4,-8.664739936232206
159.45000000000002,-6.884352033022506
159.5,-11.45572269957694
159.55,-9.304271586573881
159.60000000000002,-6.257984939379467
159.65,-12.148747996298647
159.70000000000002,-14.075521504987158
159.75,-14.857234803464252
159.8,-9.763358789188182
159.85000000000002,-15.046442793839049
159.9,-12.115928474813147
159.95000000000002,-10.58759749430681
160.0,-11.182588857332604
160.05,-10.792545890550624
160.10000000000002,-11.289128290079299
160.15,-9.266022529655293
160.20000000000002,-13.818203928817812
160.25,-13.357146404132626
160.3,-13.637825026679211
160.35000000000002,-10.521234678606668
160.4,-10.469692565356553
160.45000000000002,-11.456666941542213
160.5,-10.080511615621173
160.55,-14.891712726036689
160.60000000000002,-9.289062632822198
160.65,-9.664658458744412
160.70000000000002,-11.327258703246056
160.75,-9.322011201806074
160.8,-16.285698268195468
160.85000000000002,-14.107924665821319
160.9,-14.615942766530306
160.95000000000002,-11.788412774875638
161.0,-15.417413827721736
161.05,-11.88762555815492
161.10000000000002,-10.746746902469093
161.15,-12.182333802355732
161.20000000000002,-13.089872308892552
161.25,-15.717467406754242
161.3,-15.519477924733206
161.35000000000002,-11.410299642409178
161.4,-12.434304403468698
161.45000000000002,-14.15420722152149
161.5,-14.994851185252188
161.55,-18.29320722754161
161.60000000000002,-16.46554853114459
161.65,-10.582947916177844
161.70000000000002,-17.04832718400252
161.75,-14.18977128797042
161.8,-12.634840202824494
161.85000000000002,-17.24025043953159
161.9,-14.44133826063246
161.95000000000002,-13.01495682287796
162.0,-14.945489963455596
162.05,-9.313052679662196
162.10000000000002,-18.46609443169134
162.15,-13.090140393459347
162.20000000000002,-15.63156437319517
162.25,-13.820143441816631
162.3,-14.559049223730094
162.35000000000002,-16.985310146892783
162.4,-15.13799118338289
162.45000000000002,-19.388422629921536
162.5,-14.542407594147715
162.55,-15.228513220108116
162.60000000000002,-14.623079652773942
162.65,-13.859373064921467
162.70000000000002,-15.315217266125995
162.75,-15.82876047772214
162.8,-17.961191147311002
162.85000000000002,-17.697241604190502
162.9,-13.972704559880565
162.95000000000002,-13.546502520776958
163.0,-16.96801724761723
163.05,-16.47203515054838
163.10000000000002,-18.44513262303473
163.15,-14.361870113472548
163.20000000000002,-15.447644550051507
163.25,-12.96674995446088
163.3,-18.676147636940325
163.35000000000002,-17.745441764513117
163.4,-16.596064252334607
163.45000000000002,-15.835110633106275
163.5,-17.628159923371314
163.55,-19.011080960857324
163.60000000000002,-15.570274924360241
163.65,-15.958345423894958
163.70000000000002,-19.300283390752213
163.75,-14.823559426741278
163.8,-15.260346188984803
163.85000000000002,-17.39803588648425
163.9,-17.572903096839937
163.95000000000002,-16.689035874661087
164.0,-19.58519081100309
164.05,-17.865933643681355
164.10000000000002,-22.29455233639296
164.15,-16.300237366890194
164.20000000000002,-21.239071347236397
164.25,-15.171752408216538
164.3,-18.900908434957948
164.35000000000002,-18.725645529544536
164.4,-19.61898796728793
164.45000000000002,-19.00036991392711
164.5,-15.647563075779608
164.55,-23.520136452500452
164.60000000000002,-16.05003971521288
164.65,-17.98693106597728
164.70000000000002,-21.13558329280914
164.75,-20.930279432656214
164.8,-15.484534191791155
164.85000000000002,-20.78554884285146
164.9,-21.25799848230409
164.95000000000002,-16.732976617624626
165.0,-18.38635239332786
165.05,-20.994704301600166
165.10000000000002,-18.740539133845658
165.15,-21.279769713689113
165.20000000000002,-17.080634546845484
165.25,-17.2130845745005
165.3,-18.324897876087615
165.35000000000002,-18.718204993280196
165.4,-15.971299262308658
165.45000000000002,-19.545981307533836
165.5,-21.960309235353364
165.55,-18.74834728914772
165.60000000000002,-15.525460808591136
165.65,-21.776857922244915
165.70000000000002,-20.519571324034985
165.75,-19.012582005461937
165.8,-20.00163213514154
165.85000000000002,-21.906296664582246
165.9,-17.74535823471961
165.95000000000002,-15.395893007270484
166.0,-19.690126801016717
166.05,-21.93645505159565
166.10000000000002,-23.271680501107298
166.15,-19.70275945267551
166.20000000000002,-18.055418456223002
166.25,-19.35680793860789
166.3,-20.35542877962551
166.35000000000002,-21.572148280545477
166.4,-22.62042118926653
166.45000000000002,-18.80858415962031
166.5,-18.692039292649202
166.55,-23.65203957908459
166.60000000000002,-17.421400198509936
166.65,-19.492933492263802
166.70000000000002,-17.88138302349624
166.75,-23.40382178104963
166.8,-23.489705165255046
166.85000000000002,-21.093981673390736
166.9,-19.8279550771941
166.95000000000002,-17.277776908176925
167.0,-19.49480818323567
167.05,-21.42828796266927
167.10000000000002,-23.031114291175413
167.15,-18.55331541285126
167.20000000000002,-22.97715747469907
167.25,-17.8247281476562
167.3,-21.683840965994595
167.35000000000002,-17.96680093306619
167.4,-19.822482157914113
167.45000000000002,-21.486200891067085
167.5,-22.28235263057542
167.55,-21.95620972311199
167.60000000000002,-20.448078098102403
167.65,-21.180198784009182
167.70000000000002,-22.551417031619867
167.75,-21.72382100697704
167.8,-21.263649036069612
167.85000000000002,-25.705996558426424
167.9,-20.559397225797948
167.95000000000002,-23.46186026921391
168.0,-23.835245756347973
168.05,-24.928911047395417
168.10000000000002,-25.167126552780296
168.15,-24.314833115561214
168.20000000000002,-23.046053493351277
168.25,-17.74504327655713
168.3,-22.726346990269118
168.35000000000002,-21.341589255030712
168.4,-20.91810391503257
168.45000000000002,-21.478388596962652
168.5,-21.91633292286446
168.55,-24.172435021422658
168.60000000000002,-18.899868081728403
168.65,-18.20667951712115
168.70000000000002,-25.20521353194026
168.75,-23.906250169442064
168.8,-22.435583832914045
168.85000000000002,-23.822282047180817
168.9,-20.897991660906953
168.95000000000002,-23.38265635725132
169.0,-17.611661768863332
169.05,-19.57581134885771
169.10000000000002,-21.54636772434021
169.15,-19.93162307632486
169.20000000000002,-19.78734711556074
169.25,-23.140067840643084
169.3,-23.65710480812217
169.35000000000002,-21.880354237515284
169.4,-20.32481080473998
169.45000000000002,-21.780877668842617
169.5,-25.223379661641555
169.55,-23.684896751818318
169.60000000000002,-22.236527830434024
169.65,-22.248720781283232
169.70000000000002,-18.160586096129794
169.75,-24.88540081714374
169.8,-21.109474754953325
169.85000000000002,-19.14912939017632
169.9,-17.59063280459273
169.95000000000002,-22.947978429443538
170.0,-21.161450863084564
170.05,-21.009390456294938
170.10000000000002,-21.76202466548121
170.15,-22.354231403783047
170.20000000000002,-21.28761938899431
170.25,-27.226568198284767
170.3,-20.799920019930546
170.35000000000002,-21.913163716484913
170.4,-22.611407851802458
170.45000000000002,-18.073150690999903
170.5,-23.51663913294322
170.55,-22.972298593991887
170.60000000000002,-18.181895578217496
170.65,-23.827460963857018
170.70000000000002,-23.261386274604487
170.75,-22.452505691235224
170.8,-20.473767414560466
170.85000000000002,-21.735895934775627
170.9,-24.7324999077198
170.95000000000002,-23.206818973530936
171.0,-23.35190841371512
171.05,-22.285845119656503
171.10000000000002,-21.273405711017507
171.15,-21.28185878740487
171.20000000000002,-25.662959124115282
171.25,-19.975207797130704
171.3,-21.589595888673777
171.35000000000002,-19.316803778137235
171.4,-21.18809684694141
171.45000000000002,-19.863965420272834
171.5,-21.123131642715254
171.55,-19.35287568745037
171.60000000000002,-20.98942579419535
171.65,-22.21785330438851
171.70000000000002,-17.464745960486233
171.75,-20.21863157590751
171.8,-20.835806230204295
171.85000000000002,-24.52199301193409
171.9,-24.531589416305245
171.95000000000002,-21.354635175153174
172.0,-21.63361873578719
172.05,-23.13700538391763
172.10000000000002,-21.610399223322823
172.15,-18.698221515010296
172.20000000000002,-20.467288702687195
172.25,-24.122237654698512
172.3,-22.044875164453785
172.35000000000002,-23.412938445490862
172.4,-22.55906561409362
172.45000000000002,-22.59107097722332
172.5,-22.698819504410583
172.55,-24.23300388425906
172.60000000000002,-21.95676470955041
172.65,-22.800911546558105
172.70000000000002,-27.516354632188687
172.75,-17.528795585996452
172.8,-19.43400548103255
172.85000000000002,-22.340475551150526
172.9,-21.526090874233105
172.95000000000002,-23.88241952197435
173.0,-18.12257534453577
173.05,-17.693883857882486
173.10000000000002,-21.14904528512378
173.15,-19.388875783945426
173.20000000000002,-21.058402188308495
173.25,-24.055001164579146
173.3,-22.177308972729612
173.35000000000002,-21.06145721391744
173.4,-22.205600036399964
173.45000000000002,-21.704544734806227
173.5,-21.42031461291821
173.55,-21.369095172415435
173.60000000000002,-21.07219087560439
173.65,-23.26683632709552
173.70000000000002,-22.54812716097263
173.75,-23.65128408234868
173.8,-19.094058864830703
173.85000000000002,-25.228113707379546
173.9,-18.67632617995033
173.95000000000002,-18.17705405132418
174.0,-21.519920704208477
174.05,-26.08720287983484
174.10000000000002,-21.568483291592216
174.15,-20.938730058741577
174.20000000000002,-22.795625680447834
174.25,-21.76850331475523
174.3,-17.640885059507582
174.35000000000002,-19.334203582826778
174.4,-22.47554399807379
174.45000000000002,-23.783549288622375
174.5,-21.20390000437749
174.55,-20.937874523340078
174.60000000000002,-19.479241311952357
174.65,-21.502536925782216
174.70000000000002,-19.368755235658185
174.75,-16.480886257975325
174.8,-18.67922331938664
174.85000000000002,-20.365026502245232
174.9,-20.593369686869508
174.95000000000002,-20.89823145489264
175.0,-17.78101905258805
175.05,-21.35394478791998
175.10000000000002,-19.965492916160883
175.15,-19.909768493787748
175.20000000000002,-20.97156629090678
175.25,-22.668372385598367
175.3,-19.232547589686934
175.35000000000002,-19.955173929164523
175.4,-18.786970688501047
175.45000000000002,-20.808556320461797
175.5,-17.25323782619967
175.55,-21.40157554900661
175.60000000000002,-16.176720050931365
175.65,-23.048473576270094
175.70000000000002,-18.63568991845756
175.75,-18.506029987142302
175.8,-20.999300878918753
175.85000000000002,-18.510330629011
175.9,-16.750651594376208
175.95000000000002,-23.693538017713266
176.0,-18.204265425308094
176.05,-24.1457970102824
176.10000000000002,-21.039733277449827
176.15,-15.798869567647532
176.20000000000002,-20.169217683662627
176.25,-21.30151993481487
176.3,-19.297399311153665
176.35000000000002,-14.7131348814516
176.4,-22.45939802437337
176.45000000000002,-20.845404013918692
176.5,-15.694338604974094
176.55,-14.919884626978076
176.60000000000002,-18.787911119769596
176.65,-21.00458791044022
176.70000000000002,-14.279906285816063
176.75,-15.227498722641934
176.8,-17.002961672691505
176.85000000000002,-19.9298169160305
176.9,-18.346914409792685
176.95000000000002,-18.513108861888345
177.0,-17.47391105509241
177.05,-15.176530285850932
177.10000000000002,-16.262315660495407
177.15,-20.118218118921426
177.20000000000002,-15.152491496212896
177.25,-17.220943333049362
177.3,-16.414506608799346
177.35000000000002,-14.796697033678926
177.4,-19.89379236936091
177.45000000000002,-17.682851322641625
177.5,-18.61439535825085
177.55,-20.627211618655213
177.60000000000002,-16.737802381816827
177.65,-12.347564502110096
177.70000000000002,-20.990016711823284
177.75,-17.31333706942015
177.8,-15.906338273792084
177.85000000000002,-16.879652381807105
177.9,-17.290188555517204
177.95000000000002,-19.600230553620325
178.0,-16.473834121585977
178.05,-18.39029244714995
178.10000000000002,-21.193714600734026
178.15,-14.36154597305302
178.20000000000002,-14.770573243398454
178.25,-16.52039537042167
178.3,-16.101701093291403
178.35000000000002,-14.34711103291492
178.4,-15.98273052092249
178.45000000000002,-14.558806438771223
178.5,-16.897009357371008
178.55,-13.613055340658164
178.60000000000002,-15.53020644969303
178.65,-15.71820909163095
178.70000000000002,-18.580753004160414
178.75,-15.40082251869715
178.8,-17.57253580243781
178.85000000000002,-17.118874291872615
178.9,-17.40653689425612
178.95000000000002,-17.841529028352173
179.0,-11.392589418576065
179.05,-12.912329503013154
179.10000000000002,-11.666953180662407
179.15,-17.885966754788864
179.20000000000002,-15.22996854032794
179.25,-17.89160423341641
179.3,-16.62790812681749
179.35000000000002,-17.004521006794157
179.4,-12.620669807566719
179.45000000000002,-15.823692908050809
179.5,-12.825698407719154
179.55,-13.685269454868084
179.60000000000002,-10.217121370996349
179.65,-17.714011294008667
179.70000000000002,-12.16721952364244
179.75,-12.323209454793494
179.8,-16.493098957042257
179.85000000000002,-12.462172444631438
179.9,-13.734097639418989
179.95000000000002,-14.791142006475663
180.0,-15.913718718371312
180.05,-15.63358410702627
180.10000000000002,-10.025120540569349
180.15,-14.052623558278682
180.20000000000002,-12.41884146206965
180.25,-15.49388317212831
180.3,-15.400646790306716
180.35000000000002,-11.605704185250922
180.4,-16.39743842155074
180.45000000000002,-14.457207890207872
180.5,-13.48710492221593
180.55,-13.260681837600124
180.60000000000002,-13.769771688181889
180.65,-12.54799728568444
180.70000000000002,-11.881873591514063
180.75,-11.726157665388124
180.8,-15.094790296534237
180.85000000000002,-13.619147938914075
180.9,-10.588875094604873
180.95000000000002,-11.116580399549333
181.0,-15.5789813836054
181.05,-12.057607002911563
181.10000000000002,-16.64424110849719
181.15,-12.521066959630593
181.20000000000002,-8.746474095296065
181.25,-14.364793000871849
181.3,-14.064584027030383
181.35000000000002,-10.79474253249094
181.4,-15.335205931147556
181.45000000000002,-13.44185326450367
181.5,-10.91014358355413
181.55,-13.298225406645768
181.60000000000002,-12.428169582779972
181.65,-10.39438497259561
181.70000000000002,-10.966144739158684
181.75,-11.202037192143523
181.8,-12.340315021496169
181.85000000000002,-10.848306941316325
181.9,-11.762218299189351
181.95000000000002,-10.52543336854566
182.0,-12.361170990690267
182.05,-11.65868076051161
182.10000000000002,-13.199670600071268
182.15,-11.215961578741094
182.20000000000002,-12.694121374749677
182.25,-13.226370581733665
182.3,-10.407100960490931
182.35000000000002,-10.425079611312734
182.4,-9.210940718463117
182.45000000000002,-11.565064253003902
182.5,-9.812831022546638
182.55,-9.453466622553208
182.60000000000002,-9.591643417274872
182.65,-12.058634640455887
182.70000000000002,-10.034746283967024
182.75,-9.531351111893786
182.8,-10.171448451906231
182.85000000000002,-14.28495234897036
182.9,-9.717230128183791
182.95000000000002,-5.5393830651671525
183.0,-10.610785593565545
183.05,-11.273152022116054
183.10000000000002,-8.996623043156548
183.15,-9.044920344623934
183.20000000000002,-7.210599998794164
183.25,-12.03823985407806
183.3,-7.9862185788379225
183.35000000000002,-8.194655505776895
183.4,-9.586360915304054
183.45000000000002,-8.551311746557277
183.5,-7.09644293957531
183.55,-7.3374542864949825
183.60000000000002,-11.294909074238523
183.65,-7.295400368446173
183.70000000000002,-8.992003752880631
183.75,-8.643854269280371
183.8,-8.5702531319477
183.85000000000002,-8.944249062581646
183.9,-6.1875379720771075
183.95000000000002,-8.665655256955382
184.0,-10.664657025430964
184.05,-9.140051534513935
184.10000000000002,-7.923113618589638
184.15,-5.7496714332512
184.20000000000002,-6.9295988367876875
184.25,-9.764637750252152
184.3,-3.021060643440273
184.35000000000002,-7.389859944178534
184.4,-5.296698482580814
184.45000000000002,-8.079080009467576
184.5,-6.637208106367751
184.55,-5.9533717785285845
184.60000000000002,-5.124410752793155
184.65,-5.374666599788426
184.70000000000002,-5.6737263285257145
184.75,-7.977127421158311
184.8,-8.419398602443412
184.85000000000002,-6.539765394493526
184.9,-5.267921900495486
184.95000000000002,-7.508943196049272
185.0,-4.862610106703138
185.05,-4.01730364921858
185.10000000000002,-8.684895291892811
185.15,-8.45594672832502
185.20000000000002,-6.992845189655885
185.25,-6.0269996900570995
185.3,-7.621631519942883
185.35000000000002,-3.7985094083888242
185.4,-5.585345409251111
185.45000000000002,-6.285298767382664
185.5,-9.166877269700434
185.55,-8.857709088604695
185.60000000000002,-5.59523430177687
185.65,-10.353777739018668
185.70000000000002,-3.994805902298215
185.75,-6.2680453961104
185.8,0.6026263071838827
185.85000000000002,-1.1997161697026426
185.9,-6.110605125453047
185.95000000000002,-5.892710735223511
186.0,-3.621377009813651
186.05,-2.1388738144617943
186.10000000000002,-8.754133945846466
186.15,-8.98386345684168
186.20000000000002,-6.588400815986574
186.25,-4.112258772700903
186.3,-4.217575606109317
186.35000000000002,-3.0055568841709435
186.4,-7.4784620483203845
186.45000000000002,-9.645514123292715
186.5,-3.231551624998839
186.55,-6.538522382639698
186.60000000000002,-8.853853565946405
186.65,-4.461698487596769
186.70000000000002,-3.1006248357963813
186.75,-4.866444733922136
186.8,-5.473587444361334
186.85000000000002,-4.8123831893259945
186.9,-5.17080204507031
186.95000000000002,-7.061920158601914
187.0,-5.7315901848616875
187.05,-3.196287246595105
187.10000000000002,-3.5323253623809974
187.15,-3.7766172029011296
187.20000000000002,-6.040308933009242
187.25,-4.350516021467763
187.3,-8.279361865068804
187.35000000000002,-3.5062266250914336
187.4,-0.9436405670668457
187.45000000000002,-6.688025854010278
187.5,-4.850253834158238
187.55,-2.9590548156734364
187.60000000000002,-1.050687659969257
187.65,-4.392163054006501
187.70000000000002,-4.819793360500922
187.75,-7.312957490845488
187.8,-3.108294694726126
187.85000000000002,0.8286785322897883
187.9,-2.6413036542638606
187.95000000000002,-3.1813715746182387
188.0,-2.433689597003019
188.05,-3.0413279332972385
188.10000000000002,-4.586713005628394
188.15,-1.2559169024328614
188.20000000000002,-2.39299978914245
188.25,-2.7515975376384922
188.3,-4.6801138661094
188.35000000000002,-0.06518172460546046
188.4,-1.2858673081395724
188.45000000000002,-3.6644505273229413
188.5,-0.4985574359566236
188.55,-3.44121072467013
188.60000000000002,-3.954202911592299
188.65,-3.8539953578303856
188.70000000000002,-5.8213870697542145
188.75,-1.2810949978290935
188.8,-5.831669557919981
188.85000000000002,-4.571739030045542
188.9,-6.2117717348802595
188.95000000000002,-2.1787534766934917
189.0,-2.253548636412863
189.05,-2.5528702254605693
189.10000000000002,-3.931480921059282
189.15,-4.137919594397284
189.20000000000002,-0.812118895946907
189.25,-2.789650140946013
189.3,-1.003799529868147
189.35000000000002,-3.3552667861182615
189.4,-1.1711816019771975
189.45000000000002,1.1244258109736274
189.5,-0.2589083938011154
189.55,-2.2054649515286107
189.60000000000002,-0.8159253017219285
189.65,-1.7616291253309284
189.70000000000002,-1.2148045292725624
189.75,-1.8323446783148176
189.8,-1.4606431608388053
189.85000000000002,-0.6589296466834369
189.9,-3.0212716957502783
189.95000000000002,-3.0180451278172886
190.0,-3.7154018679518583
190.05,-4.09118522282604
190.10000000000002,-3.277832458885659
190.15,-0.4772647506970727
190.20000000000002,-2.5349869186138436
190.25,0.3242946977455565
190.3,-0.5873300644014285
190.35000000000002,-4.547891058439119
190.4,0.7446409963943208
190.45000000000002,1.1015563934770556
190.5,-2.46280085450549
190.55,0.409968414112142
190.60000000000002,-2.0990555332134426
190.65,-0.14666855355769604
190.70000000000002,-2.8272628555210173
190.75,-3.841042772962532
190.8,-0.9773357528138008
190.85000000000002,-0.4163390207757144
190.9,-0.9217290704008788
190.95000000000002,-2.4522286880541624
191.0,-0.8420734327944687
191.05,0.53789611442646
191.10000000000002,-0.04920835704728965
191.15,0.4465395740968474
191.20000000000002,-1.218044804684718
191.25,2.505957358693086
191.3,-2.1498017667770246
191.35000000000002,1.2173759341755304
191.4,2.645434646996105
191.45000000000002,1.2825521041054633
191.5,-0.04554307423247572
191.55,-0.6586335628320736
191.60000000000002,2.508276376287577
191.65,-2.372023117478145
191.70000000000002,-1.428811273425477
191.75,-0.24648315539096521
191.8,3.06081940961498
191.85000000000002,1.3816108714142705
191.9,-1.2777682139727222
191.95000000000002,0.07363942641886123
192.0,-0.4987762367721449
192.05,-0.6544091708537298
192.10000000000002,2.75793012694679
192.15,-1.9086697141958666
192.20000000000002,4.086727051001111
192.25,2.559656716393203
192.3,3.118635833749441
192.35000000000002,0.04443176190704068
192.4,0.7035107731033752
192.45000000000002,-1.8301468474998699
192.5,0.019279713870862247
192.55,2.088045195165716
192.60000000000002,3.7246758880418183
192.65,-1.0502662264648164
192.70000000000002,0.4642166572406955
192.75,0.9234948175666693
192.8,-1.5349366774756277
192.85000000000002,2.469572578614265
192.9,-0.13119012571433686
192.95000000000002,0.95561054564742
193.0,0.47177769290810634
193.05,-0.17403067868984645
193.10000000000002,1.4192112116974893
193.15,1.0304220937159658
193.20000000000002,0.7459510549246859
193.25,0.06045494506922955
193.3,2.183825016841145
193.35000000000002,4.879094152248117
193.4,1.878404826952071
193.45000000000002,3.617324713606867
193.5,-1.1292100794674118
193.55,1.9925901065992393
193.60000000000002,-0.49214755957460676
193.65,-1.2260500926344555
193.70000000000002,0.2739569232193415
193.75,4.1610881496380525
193.8,3.701601140447392
193.85000000000002,2.3115496990944977
193.9,-1.216198796122789
193.95000000000002,1.4799949307743911
194.0,2.499002564067605
194.05,2.2694142996819004
194.10000000000002,-1.746812454821658
194.15,0.18226607791377414
194.20000000000002,1.8565681275017245
194.25,3.078822823486328
194.3,-2.364801158619363
194.35000000000002,1.7241168227379937
194.4,2.355070111868301
194.45000000000002,3.7885025699010813
194.5,3.4949987351888314
194.55,3.2941308786441956
194.60000000000002,0.5485123663683262
194.65,-1.6485045107990395
194.70000000000002,1.400202674902766
194.75,4.208083120316282
194.8,5.009943490873638
194.85000000000002,3.6620521374603223
194.9,3.117260468932382
194.95000000000002,3.0351892824874653
195.0,1.180710821129744
195.05,2.049574133723312
195.10000000000002,5.664289182606369
195.15,0.45719947608115685
195.20000000000002,5.58774933090856
195.25,1.72972358178273
195.3,5.039945119782198
195.35000000000002,-0.4095342312511443
195.4,3.590633972951345
195.45000000000002,0.9597310152836052
195.5,-0.3831003939964863
195.55,2.898382831317059
195.60000000000002,4.4938582175017014
195.65,0.7983518925865813
195.70000000000002,-0.49675567234620566
195.75,2.330350676849091
195.8,2.3516571269445112
195.85000000000002,3.635379399487973
195.9,4.449867601671828
195.95000000000002,2.4435135542690847
196.0,6.284744350969476
196.05,3.033330579790909
196.10000000000002,1.902862245506884
196.15,-0.6168332492010453
196.20000000000002,2.091301946218109
196.25,1.953901196290971
196.3,4.557074652707975
196.35000000000002,3.570959458648062
196.4,0.29651961365984114
196.45000000000002,3.0087721049566207
196.5,4.0160723263291205
196.55,5.737561888526032
196.60000000000002,4.46474020202032
196.65,4.219403971958075
196.70000000000002,2.825607749181856
196.75,3.489532983208423
196.8,5.219141530758646
196.85000000000002,0.06155067810157444
196.9,2.034953004511948
196.95000000000002,1.1951742581265998
197.0,3.504853482338357
197.05,5.212983972751939
197.10000000000002,1.5643418195803065
197.15,-2.0168076548098917
197.20000000000002,1.9446317259917105
197.25,4.601055810714518
197.3,3.8541678364266665
197.35000000000002,3.639846334148783
197.4,2.227820750248612
197.45000000000002,0.23384870008816172
197.5,3.826372545137768
197.55,1.1308665418658665
197.60000000000002,7.171044051268375
197.65,3.947061230045162
197.70000000000002,1.6477238988348097
197.75,1.5890028287642768
197.8,2.6284185377134035
197.85000000000002,2.3376192323982212
197.9,5.052390952800345
197.95000000000002,3.193441979313149
198.0,1.3590200370581527
198.05,6.604628132471526
198.10000000000002,2.9236177909757326
198.15,4.3637277212788135
198.20000000000002,1.6104372394077466
198.25,3.553759816889329
198.3,3.4501850621042314
198.35000000000002,-0.9510969750082259
198.4,6.858790180414963
198.45000000000002,5.409370872841094
198.5,2.0333387817959636
198.55,0.622644708295387
198.60000000000002,3.5215713543309897
198.65,2.9989184856622777
198.70000000000002,3.535748836573397
198.75,3.2062683564705186
198.8,3.8341148283667006
198.85000000000002,5.714582093650558
198.9,3.9543354173549186
198.95000000000002,0.7167987054716431
199.0,5.539040414772321
199.05,6.0927750870829005
199.10000000000002,9.113118868263347
199.15,0.5593069126548356
199.20000000000002,3.2891806870834186
199.25,-1.3638249927100023
199.3,3.903462528406296
199.35000000000002,1.697393456509381
199.4,6.637155509170325
199.45000000000002,1.2373458779420814
199.5,-0.5956343175000254
199.55,1.8362062774960173
199.60000000000002,-1.1763916973567325
199.65,4.272482959243863
199.70000000000002,-1.3643296774415745
199.75,2.8181581500163
199.8,-1.3991178164852625
199.85000000000002,2.1110313750862915
199.9,6.033364851390777
199.95000000000002,3.4627483491579154
200.0,1.0091739366754795
200.05,2.6683293924120637
200.10000000000002,2.7612140774809424
200.15,3.6647558300280587
200.20000000000002,-0.02003383273454462
200.25,3.8928802623715772
200.3,-2.707097541470872
200.35000000000002,1.4357359370123293
200.4,1.712658122302746
200.45000000000002,3.9494438084395878
200.5,2.7215219380616573
200.55,-0.1415079221733624
200.60000000000002,0.6928799175419071
200.65,3.05336636225879
200.70000000000002,2.4909061883577017
200.75,1.4837237061704913
200.8,1.6731340984933079
200.85000000000002,4.019868301585235
200.9,1.5847808524476814
200.95000000000002,2.436522450130896
201.0,6.945024495642838
201.05,-0.2498579353294832
201.10000000000002,-1.1139102676734507
201.15,4.149136424525924
201.20000000000002,1.2167691223352688
201.25,1.929596801767883
201.3,0.99569639098896
201.35000000000002,2.030269052130761
201.4,5.738730862726143
201.45000000000002,4.137624204289087
201.5,4.249456531232202
201.55,-0.31587058069231366
201.60000000000002,0.2057841181768989
201.65,-3.1786213937625276
201.70000000000002,0.8721571296139756
201.75,4.395648745278206
201.8,3.507402002672145
201.85000000000002,2.0216942878123967
201.9,2.4112795806454472
201.95000000000002,1.0692181389620632
202.0,2.8475680582211185
202.05,3.9608221682002913
202.10000000000002,-0.8117361484913874
202.15,3.0102633764969045
202.20000000000002,4.266729332012513
202.25,1.5625138747570222
202.3,3.7849360723134846
202.35000000000002,8.003631925591506
202.4,2.1563956935507194
202.45000000000002,3.142425938448735
202.5,0.8704028082806969
202.55,2.6997012787976895
202.60000000000002,3.2484032851746867
202.65,2.7081871638952038
202.70000000000002,0.2697379214847322
202.75,2.712464073222026
202.8,5.214732532230807
202.85000000000002,3.178202724627291
202.9,4.195488792605422
202.95000000000002,1.7880686321752546
203.0,3.7524684076803068
203.05,2.80177841988637
203.10000000000002,0.33199781472990453
203.15,2.8614417872468283
203.20000000000002,0.23159318276227814
203.25,0.9398211744368972
203.3,2.5748442884823555
203.35000000000002,2.7812951563444077
203.4,-0.2010241498378802
203.45000000000002,4.276063975565466
203.5,3.302776369868554
203.55,0.7400002921326405
203.60000000000002,-0.9349948689299428
203.65,1.8411095750021509
203.70000000000002,1.229803998697716
203.75,2.3387759506091803
203.8,1.377098471040254
203.85000000000002,-1.9207097975469956
203.9,1.3084197755690425
203.95000000000002,1.4648249765820462
204.0,3.33437683047889
204.05,0.6616912634688497
204.10000000000002,5.406522251040123
204.15,-1.7829772389778635
204.20000000000002,4.653820685132981
204.25,1.574082642927042
204.3,3.733180487173907
204.35000000000002,2.164961321538586
204.4,4.275876675683898
204.45000000000002,1.213510745703438
204.5,-0.21747310630317784
204.55,4.812375558301057
204.60000000000002,1.7360732697295886
204.65,2.397889587117588
204.70000000000002,4.416087204510088
204.75,-0.12544156070388812
204.8,3.121413223357221
204.85000000000002,0.7426835188492742
204.9,1.6502571592942032
204.95000000000002,2.0513600055940504
205.0,-1.101349953875006
205.05,0.3337989861108346
205.10000000000002,4.5860878803907585
205.15,3.6488853239990204
205.20000000000002,1.7438785709762532
205.25,2.3481554426707376
205.3,1.2662724227490343
205.35000000000002,4.560873302921914
205.4,1.4400527355288424
205.45000000000002,2.297597764703227
205.5,4.1192359473570805
205.55,0.2658032100840848
205.60000000000002,4.9316055570421335
205.65,-1.2533020974417712
205.70000000000002,5.060613074678632
205.75,1.0498023144722968
205.8,1.3036992515687853
205.85000000000002,-1.996859727792963
205.9,0.8677576493432554
205.95000000000002,-0.3079549146388363
206.0,0.5508030972361073
206.05,1.4860400494157893
206.10000000000002,3.6709419221990807
206.15,2.1653945858738157
206.20000000000002,2.3605048069553822
206.25,-0.4507872922147911
206.3,-0.02601840801383659
206.35000000000002,5.328318317208529
206.4,0.2559868580464888
206.45000000000002,5.034470121498211
206.5,1.2317418478943247
206.55,1.718398571014019
206.60000000000002,3.850661173902893
206.65,4.249975420929925
206.70000000000002,1.4809786065402988
206.75,0.9226860442675919
206.8,1.5840567904553238
206.85000000000002,2.368697219915254
206.9,3.472434770558272
206.95000000000002,1.695494913009529
207.0,2.922179951182626
207.05,4.958665128339188
207.10000000000002,2.4422711216192594
207.15,2.3008335324576192
207.20000000000002,-1.36224646162629
207.25,-3.587664528424674
207.3,2.44894268181737
207.35000000000002,1.4811148821760085
207.4,0.6399484702021865
207.45000000000002,2.1555047570108643
207.5,1.5467491602070884
207.55,3.922412807777259
207.60000000000002,1.8385548139194277
207.65,0.17215401452511458
207.70000000000002,3.6461889478625187
207.75,1.2316402131453255
207.8,2.7192132491548127
207.85000000000002,0.7117492197069473
207.9,0.36754243659470176
207.95000000000002,1.8363546501574477
208.0,1.6946954349411185
208.05,2.6299117092927102
208.10000000000002,1.1343866995517407
208.15,-1.9994181851694162
208.20000000000002,0.8095809189851668
208.25,3.264798558064533
208.3,1.084649530106407
208.35000000000002,1.189083556010264
208.4,3.657262120325276
208.45000000000002,0.26343293077207264
208.5,-1.395143804049383
208.55,1.3724980386759302
208.60000000000002,0.7289258330593317
208.65,-0.23148823264820262
208.70000000000002,1.3541967672193704
208.75,2.6921342202809737
208.8,1.694936384077494
208.85000000000002,2.3320889149150377
208.9,5.349779442180067
208.95000000000002,1.0422689293359853
209.0,2.290013165120514
209.05,0.720406340360092
209.10000000000002,0.05185999793560536
209.15,0.5807409672564632
209.20000000000002,0.7992476791233287
209.25,2.482157910066652
209.3,6.468033544451752
209.35000000000002,0.34470612181771365
209.4,0.9506899630222669
209.45000000000002,1.6650798590836569
209.5,2.5905477847611236
209.55,2.333915949219938
209.60000000000002,4.383111317125895
209.65,-3.0295167269570333
209.70000000000002,-2.9420012604886114
209.75,0.8489376673774713
209.8,4.044375453277041
209.85000000000002,-1.272193328617515
209.9,-4.1465866598042
209.95000000000002,3.020860769162999
210.0,2.3758900015170044
210.05,-0.2815170092962065
210.10000000000002,-0.06160351718446022
210.15,-0.019183283994925526
210.20000000000002,2.152456797877739
210.25,0.6900920846508376
210.3,2.9424423294366977
210.35000000000002,-3.7430907014241406
210.4,0.2645641875464835
210.45000000000002,-0.26147668401336466
210.5,1.4905720776563305
210.55,0.9400398244663835
210.60000000000002,3.6249653364183887
210.65,-1.6759920019350467
210.70000000000002,2.147330373533772
210.75,3.1869490303181767
210.8,5.797763455986495
210.85000000000002,1.1353934115517053
210.9,2.7625644246938896
210.95000000000002,-1.4790907125918333
211.0,-2.6400233989300093
211.05,3.8489590487250758
211.10000000000002,2.1640788006285363
211.15,4.548282297842607
211.20000000000002,-0.5392222703329579
211.25,3.2639840377229996
211.3,5.978681938302519
211.35000000000002,3.0975947888526036
211.4,2.828755266550875
211.45000000000002,2.3103850034984843
211.5,-0.8305370647582837
211.55,5.040597650563999
211.60000000000002,1.1262358349248944
211.65,3.375690835026391
211.70000000000002,-0.7402967614121683
211.75,0.04617480612448421
211.8,5.294866385878569
211.85000000000002,1.74996002835735
211.9,5.371264524085695
211.95000000000002,2.3286775294948723
212.0,-1.1779547671933464
212.05,4.310954893001203
212.10000000000002,1.3682912673137404
212.15,3.966987326917675
212.20000000000002,2.6418430955989067
212.25,-0.47272531287147457
212.3,2.9644688188484833
212.35000000000002,7.050972303269167
212.4,3.6674244581821385
212.45000000000002,2.589620536617411
212.5,4.878826497614334
212.55,3.1732395774262923
212.60000000000002,3.1950134980809652
212.65,0.6170166382556905
212.70000000000002,3.2925646332027534
212.75,4.920636749349154
212.8,1.2027867471062104
212.85000000000002,5.749343674778326
212.9,2.742660839663157
212.95000000000002,1.176534605941693
213.0,4.973618402215479
213.05,2.431326249616773
213.10000000000002,4.550784779382867
213.15,2.4753577732021252
213.20000000000002,2.9666224554974505
213.25,4.101074431269129
213.3,3.7237068788349346
213.35000000000002,-0.820912727253944
213.4,0.9561806024424797
213.45000000000002,5.086284312341501
213.5,2.99226625050103
213.55,2.2384305300959895
213.60000000000002,0.59837721272784
213.65,1.1859628691459423
213.70000000000002,-0.6679735962362336
213.75,3.2035280465974054
213.8,2.2399574583664714
213.85000000000002,1.534676997301332
213.9,3.362902784005579
213.95000000000002,4.258664099668791
214.0,7.74896788990396
214.05,0.5709299752506691
214.10000000000002,5.945858890850594
214.15,5.605974698880466
214.20000000000002,2.134535217325787
214.25,4.132415617168401
214.3,2.844173642158236
214.35000000000002,4.164586665842599
214.4,6.845513319930623
214.45000000000002,5.0727774452645775
214.5,4.913366769156052
214.55,3.0703872205554457
214.60000000000002,0.9980185850165557
214.65,3.5845911686186063
214.70000000000002,6.450408580794068
214.75,1.0187896141945023
214.8,1.9991473730058518
214.85000000000002,4.398329422577651
214.9,2.213218595388398
214.95000000000002,2.6344811579015586
215.0,3.4095957280701845
215.05,1.5630871375982296
215.10000000000002,2.383870768234174
215.15,5.777025496838709
215.20000000000002,1.7937471995010847
215.25,1.251320686515216
215.3,3.225853454140656
215.35000000000002,5.98891230001904
215.4,4.170514125447348
215.45000000000002,3.674809719535383
215.5,4.732560398941663
215.55,1.192554748823082
215.60000000000002,5.713762686651582
215.65,5.531857214638749
215.70000000000002,3.9872590216248573
215.75,6.858865876610332
215.8,2.633416606405581
215.85000000000002,7.185868796036344
215.9,5.280929168684285
215.95000000000002,4.340975660306576
216.0,5.016719481432364
216.05,4.884568960239787
216.10000000000002,7.582540753186119
216.15,3.0317367871078775
216.20000000000002,3.7034191263288117
216.25,7.344667283169075
216.3,4.124835689186575
216.35000000000002,7.161054758562058
216.4,8.803181399198095
216.45000000000002,4.64527677812481
216.5,6.8563842216754765
216.55,3.2313018317813453
216.60000000000002,7.093412641320173
216.65,6.028285211726945
216.70000000000002,6.6212352452898635
216.75,4.429964911361268
216.8,2.445120202459116
216.85000000000002,6.820195399313389
216.9,1.7335140974617236
216.95000000000002,5.272472069275821
217.0,7.83661156310454
217.05,6.385338794247598
217.10000000000002,9.945743394820967
217.15,8.147009042678231
217.20000000000002,4.836942986023437
217.25,6.2475304681618695
217.3,6.146539681965027
217.35000000000002,3.125516868465195
217.4,4.457872281075993
217.45000000000002,5.266156895673603
217.5,2.364453626838138
217.55,6.581303254700995
217.60000000000002,6.037798497517582
217.65,3.239982840964967
217.70000000000002,7.444225809188837
217.75,8.117774356539732
217.8,7.190524327209248
217.85000000000002,6.138941580697579
217.9,8.020779186355036
217.95000000000002,8.249345261768124
218.0,7.554912345989306
218.05,5.342270666223475
218.10000000000002,7.596274226069491
218.15,9.485797350310534
218.20000000000002,5.9535253546752545
218.25,11.39479187279697
218.3,6.199961564234465
218.35000000000002,7.368526413201324
218.4,6.011407053107519
218.45000000000002,7.855760853602461
218.5,3.9777899711353832
218.55,6.423335317661147
218.60000000000002,5.384531590339158
218.65,7.892973398473604
218.70000000000002,9.664879906863248
218.75,9.021849816946556
218.8,3.0405329205052096
218.85000000000002,11.922165125927725
218.9,8.482917910095873
218.95000000000002,6.393848027141012
219.0,8.315744522486504
219.05,8.40866281675235
219.10000000000002,6.7775303369470254
219.15,8.56215380482134
219.20000000000002,7.006614670108827
219.25,7.468218074358751
219.3,6.959908592650283
219.35000000000002,5.522789017687101
219.4,8.735607125530109
219.45000000000002,9.67047141522053
219.5,9.585711762794128
219.55,10.251998666016947
219.60000000000002,9.31716161099322
219.65,7.659490531589796
219.70000000000002,10.46085475588968
219.75,6.123200451858425
219.8,7.09372210867828
219.85000000000002,7.023612731464552
219.9,11.169189461212197
219.95000000000002,10.951833106286678
220.0,10.098157341024972
220.05,11.324807216619226
220.10000000000002,7.479890136615494
220.15,9.993259507317173
220.20000000000002,9.103437072206821
220.25,11.105367627139522
220.3,9.239070997067925
220.35000000000002,8.757645993645202
220.4,10.667455084257929
220.45000000000002,11.39617431936352
220.5,8.365432877120748
220.55,9.638346222869727
220.60000000000002,7.702075277149648
220.65,4.881375821917459
220.70000000000002,10.337038409778106
220.75,11.212628761610231
220.8,10.577725806725805
220.85000000000002,6.21331574577658
220.9,9.469657774021673
220.95000000000002,5.793646624998864
221.0,13.02879551837221
221.05,8.176398524057644
221.10000000000002,12.918490091286344
221.15,12.358655705684686
221.20000000000002,8.725025175678674
221.25,8.319978903429654
221.3,11.345683164830719
221.35000000000002,9.015737114680949
221.4,10.968842983301336
221.45000000000002,9.857750594462324
221.5,7.3206620978627965
221.55,6.481654611749586
221.60000000000002,11.455606934042565
221.65,9.938804279284152
221.70000000000002,10.015452497574415
221.75,12.573100663201455
221.8,13.588024348612745
221.85000000000002,10.755840575349978
221.9,10.679543688260882
221.95000000000002,12.420856555827422
222.0,8.76654447692478
222.05,11.98658002102592
222.10000000000002,12.703914741846669
222.15,13.020480109985519
222.20000000000002,7.846396602131002
222.25,10.257076605376414
222.3,10.083146000110593
222.35000000000002,12.099329391596552
222.4,12.920922623388865
222.45000000000002,15.012724646239754
222.5,11.089233001585534
222.55,11.143866232033757
222.60000000000002,14.498187034917551
222.65,12.851810506795958
222.70000000000002,14.8537525058389
222.75,12.955674916768466
222.8,10.123729022019672
222.85000000000002,9.831420163427092
222.9,9.454335592368963
222.95000000000002,13.941112916432369
223.0,15.053815319355179
223.05,16.434918979052977
223.10000000000002,14.481936304066805
223.15,15.180888977218716
223.20000000000002,11.754617895173949
223.25,10.66120753354261
223.3,14.733533615969392
223.35000000000002,13.92801672346506
223.4,13.366766022445566
223.45000000000002,13.985781377024113
223.5,13.916506907420516
223.55,15.896800868617197
223.60000000000002,15.978100497021725
223.65,14.535460472663784
223.70000000000002,15.197441503631822
223.75,14.592699689511022
223.8,12.700894066111143
223.85000000000002,15.194939226776441
223.9,10.951310767427533
223.95000000000002,15.9064869979541
224.0,11.467970239211482
224.05,14.486841430705663
224.10000000000002,12.2830494662679
224.15,15.138158936489482
224.20000000000002,14.02145243958386
224.25,10.95760850196164
224.3,15.046230084135644
224.35000000000002,13.106589819890447
224.4,16.082212784577056
224.45000000000002,14.379943377778858
224.5,15.225388586309046
224.55,12.57654254848891
224.60000000000002,13.370026336449484
224.65,13.6882976359877
224.70000000000002,16.375735016363663
224.75,18.073707689215887
224.8,13.165099049782942
224.85000000000002,16.98549073688278
224.9,10.548651634677487
224.95000000000002,12.555697093459624
225.0,13.082443087626439
225.05,12.350758681530108
225.10000000000002,11.944224575980071
225.15,15.992870989976677
225.20000000000002,14.794053377390075
225.25,16.036156256055108
225.3,16.713285887788782
225.35000000000002,15.918405211264755
225.4,16.757361231495576
225.45000000000002,15.357264198503831
225.5,13.176663418827498
225.55,17.72042481198074
225.60000000000002,14.480540570705115
225.65,13.841360059195493
225.70000000000002,15.410321466636269
225.75,13.993953991977747
225.8,15.037945042761994
225.85000000000002,16.6139523063716
225.9,16.675372598641296
225.95000000000002,14.235676968378934
226.0,15.108374988207087
226.05,18.28469835990143
226.10000000000002,17.180874521158593
226.15,20.390038958716637
226.20000000000002,18.651789825121103
226.25,18.631531564452203
226.3,13.618404981603335
226.35000000000002,17.972841504621535
226.4,16.389665343513546
226.45000000000002,15.444450280169008
226.5,16.93275367665333
226.55,18.537226719654093
226.60000000000002,17.698316417683657
226.65,14.9893215380726
226.70000000000002,18.280566587960934
226.75,15.569614412473092
226.8,17.32705499304752
226.85000000000002,16.335643814167174
226.9,16.553019994202845
226.95000000000002,18.571397776205522
227.0,15.006431926621335
227.05,21.02486270495534
227.10000000000002,13.539696703009394
227.15,16.03367030717775
227.20000000000002,18.016304291336816
227.25,18.491119153618563
227.3,17.167882633473173
227.35000000000002,17.300126347420427
227.4,18.2818095156326
227.45000000000002,17.044097389740877
227.5,20.337848771402214
227.55,19.275154816959997
227.60000000000002,19.38679356439442
227.65,15.753235157350717
227.70000000000002,17.570888499901013
227.75,17.172560742207498
227.8,15.80582527736134
227.85000000000002,18.58059744427547
227.9,16.82792183609791
227.95000000000002,19.25666609214133
228.0,15.847818779748057
228.05,21.468322592475968
228.10000000000002,16.279309104035306
228.15,18.552003357515613
228.20000000000002,19.73823039695569
228.25,17.05403047323887
228.3,19.94073228522739
228.35000000000002,15.81759322737545
228.4,21.220040668357584
228.45000000000002,18.383625741847784
228.5,17.20170111543058
228.55,17.835029576345683
228.60000000000002,20.089771023397834
228.65,17.341229151565912
228.70000000000002,17.049297218560202
228.75,18.142475610797664
228.8,16.268821881149492
228.85000000000002,22.30069007212917
228.9,17.563325839907186
228.95000000000002,20.39551575617588
229.0,19.18704169809063
229.05,16.83450276380103
229.10000000000002,18.826778580272997
229.15,20.441456315787626
229.20000000000002,18.53133430627323
229.25,21.328130396334984
229.3,21.01862198731336
229.35000000000002,20.8467446491709
229.4,18.122560058603618
229.45000000000002,16.91478019252809
229.5,17.879512092768316
229.55,19.53102005197371
229.60000000000002,20.26158905045004
229.65,14.857974798742447
229.70000000000002,19.215615681369098
229.75,19.578365475226594
229.8,18.737061900795023
229.85000000000002,21.90427792745834
229.9,20.194484692578822
229.95000000000002,22.000115138336444
230.0,18.976227581219135
230.05,21.311129480030452
230.10000000000002,22.73393979583028
230.15,22.114431134755225
230.20000000000002,17.333601089281647
230.25,19.036973078199296
230.3,18.88003581746728
230.35000000000002,20.574511466360534
230.4,20.993941995851554
230.45000000000002,17.968275512465745
230.5,19.806155525819243
230.55,15.65463132608945
230.60000000000002,22.601971556120642
230.65,18.716514900397318
230.70000000000002,19.8757576179743
230.75,19.167079437181098
230.8,22.100364178375738
230.85000000000002,14.154805626085032
230.9,19.81768491824437
230.95000000000002,19.659931106765725
231.0,18.984533116959575
231.05,23.364068847374796
231.10000000000002,18.156337653474186
231.15,21.493539064971383
231.20000000000002,20.68097014022294
231.25,22.509587037692167
231.3,18.669818870703033
231.35000000000002,18.55547072370839
231.4,22.230321244894647
231.45000000000002,20.90515684916825
231.5,16.980530720759976
231.55,19.00724344651848
231.60000000000002,20.87362224120348
231.65,21.79094276479399
231.70000000000002,18.77106288351397
231.75,14.314673124897373
231.8,21.202842020125228
231.85000000000002,17.728513042133685
231.9,16.146782444941568
231.95000000000002,14.528659289577435
232.0,21.832668087826114
232.05,20.472879292986256
232.10000000000002,19.774811136770236
232.15,23.01419231297197
232.20000000000002,21.520351543557833
232.25,23.48739849110448
232.3,17.477960080588925
232.35000000000002,20.202497558248318
232.4,17.04587378781824
232.45000000000002,19.827770361802912
232.5,19.796069385567673
232.55,21.55282485624298
232.60000000000002,20.396551112645458
232.65,21.55759155241909
232.70000000000002,21.72253851919755
232.75,24.6299225489681
232.8,19.69340371980177
232.85000000000002,18.44540730884268
232.9,20.822598431108165
232.95000000000002,18.72837143205304
233.0,23.298874107924362
233.05,19.770057398352236
233.10000000000002,19.206400506128986
233.15,19.395499484038666
233.20000000000002,21.775060453435593
233.25,20.022342411250705
233.3,19.053628713704505
233.35000000000002,23.666306503084233
233.4,18.621416789277035
233.45000000000002,20.402555080324063
233.5,21.633213544813913
233.55,17.062620385385948
233.60000000000002,21.282011255440725
233.65,18.206984075274207
233.70000000000002,21.95798295309256
233.75,18.381841407760692
233.8,21.686914912916468
233.85000000000002,22.50678309843902
233.9,22.011236173467427
233.95000000000002,20.783747974649806
234.0,19.810769127032053
234.05,19.112292372080372
234.10000000000002,23.198465013085496
234.15,18.84817232970698
234.20000000000002,18.163300249812597
234.25,21.557941858096267
234.3,18.624203432205846
234.35000000000002,18.305124068456195
234.4,17.306317072433338
234.45000000000002,19.21548051367943
234.5,20.00314437653342
234.55,20.641531340344756
234.60000000000002,22.04423267601065
234.65,21.18118681121994
234.70000000000002,19.730915427448764
234.75,19.70103521448635
234.8,21.102005695382875
234.85000000000002,22.610592474708312
234.9,20.30133887129232
234.95000000000002,19.093203770571872
235.0,18.027984937550787
235.05,17.105054116435596
235.10000000000002,21.309247750337775
235.15,21.113405100533456
235.20000000000002,21.092410486980377
235.25,19.660095534534815
235.3,22.7105104068744
235.35000000000002,18.90712582156141
235.4,21.764118518984226
235.45000000000002,19.753806777055182
235.5,18.591798819222856
235.55,20.970263994346762
235.60000000000002,20.580673908345023
235.65,20.451040771531034
235.70000000000002,19.87484102057658
235.75,19.611182348719876
235.8,24.437892336672405
235.85000000000002,22.003337094154364
235.9,21.053648791683507
235.95000000000002,19.8042604123656
236.0,21.56713965898295
236.05,20.560474231391897
236.10000000000002,19.548050075487076
236.15,18.85916451288899
236.20000000000002,19.2746080354895
236.25,13.065238012244372
236.3,19.796435453569256
236.35000000000002,18.366923735625782
236.4,22.49735617540608
236.45000000000002,19.318343117908007
236.5,16.86886582153973
236.55,19.113669316085364
236.60000000000002,17.087324109969195
236.65,20.09201789198616
236.70000000000002,19.692235147186235
236.75,20.990658088974282
236.8,17.457355194798847
236.85000000000002,19.070776978167554
236.9,16.235861791412905
236.95000000000002,20.33154268465203
237.0,19.928446935147615
237.05,19.84397037764345
237.10000000000002,18.816759080371877
237.15,19.603733034893636
237.20000000000002,21.943037911948117
237.25,18.123850502296392
237.3,18.930516276451534
237.35000000000002,16.439668487355913
237.4,16.833603355526513
237.45000000000002,18.723465826334763
237.5,20.69293083529969
237.55,17.92923792713937
237.60000000000002,17.926214494187974
237.65,17.540038015541878
237.70000000000002,17.239569940008195
237.75,18.853815666172807
237.8,15.223662523508136
237.85000000000002,20.733878522106046
237.9,16.794493752536603
237.95000000000002,19.522002673670777
238.0,15.49057520435057
238.05,19.320149686762417
238.10000000000002,19.277777005300944
238.15,18.65323266184181
238.20000000000002,15.846435612597041
238.25,18.2843776493493
238.3,15.368683074902465
238.35000000000002,17.17830977258105
238.4,19.691231110403162
238.45000000000002,19.17390631797193
238.5,17.558495995296866
238.55,15.525675876316038
238.60000000000002,18.713155841568287
238.65,17.40696797133382
238.70000000000002,12.673334305350695
238.75,18.82452134387307
238.8,17.155629671737405
238.85000000000002,19.55337023654813
238.9,14.901839169687275
238.95000000000002,10.682426444981648
239.0,17.536998399455044
239.05,17.504498763693828
239.10000000000002,13.482114386191938
239.15,14.848091690089177
239.20000000000002,22.25670774329821
239.25,16.075782277868765
239.3,18.089203946523526
239.35000000000002,15.265801543174833
239.4,12.325904818376852
239.45000000000002,16.104939270336672
239.5,15.852749054615774
239.55,15.522262924302606
239.60000000000002,16.030359342023264
239.65,16.725361140336688
239.70000000000002,15.833337856677446
239.75,13.541871786864968
239.8,16.978132911919573
239.85000000000002,12.042467525331345
239.9,11.775514006005931
239.95000000000002,17.289179665789273
240.0,16.759022558933363
240.05,15.563929933892613
240.10000000000002,12.821139360963794
240.15,14.129109015813626
240.20000000000002,14.951912529105376
240.25,12.217675612752352
240.3,13.863047971888514
240.35000000000002,16.57699374639764
240.4,18.05775947315148
240.45000000000002,14.29468467135486
240.5,16.576527956854505
240.55,11.165021716583949
240.60000000000002,16.241230402619642
240.65,13.243214538276504
240.70000000000002,15.394185381218591
240.75,14.211973388492174
240.8,17.275893599428983
240.85000000000002,12.813386912591886
240.9,15.744270721220342
240.95000000000002,13.856452432648338
241.0,14.024876997519375
241.05,13.899414183346114
241.10000000000002,12.501025275064569
241.15,14.089040656996085
241.20000000000002,13.916428947382103
241.25,14.44831451250452
241.3,14.058576890990269
241.35000000000002,15.408914396510834
241.4,15.582929509983147
241.45000000000002,11.557283082047789
241.5,15.318324841256294
241.55,11.129991981084324
241.60000000000002,14.599898716834868
241.65,14.58482596918772
241.70000000000002,9.443517688267056
241.75,13.372556922254196
241.8,12.169699333566141
241.85000000000002,11.508902651084945
241.9,15.647530226986735
241.95000000000002,11.557512805498042
242.0,11.1708182169616
242.05,12.853320769566958
242.10000000000002,13.991129395045432
242.15,12.254334328256569
242.20000000000002,14.787719174488295
242.25,13.433943388707666
242.3,7.932253232916971
242.35000000000002,11.146098019550266
242.4,10.997378542539797
242.45000000000002,12.995492630378356
242.5,6.702524260837338
242.55,16.965247602052596
242.60000000000002,12.844034852457675
242.65,11.99417793440448
242.70000000000002,13.973691140648274
242.75,16.21168745606922
242.8,13.179391100150927
242.85000000000002,13.248739851189299
242.9,11.525409522267832
242.95000000000002,10.893596342722642
243.0,10.13738050380608
243.05,9.348778734108791
243.10000000000002,9.538716256136395
243.15,8.12308731771599
243.20000000000002,10.583626840928748
243.25,7.276923452389866
243.3,10.93870156327945
243.35000000000002,10.394540936848692
243.4,10.671132814740286
243.45000000000002,9.242788278350922
243.5,16.35029321374842
243.55,12.826059913265496
243.60000000000002,7.52573607737361
243.65,10.389290293288843
243.70000000000002,8.616017711255601
243.75,7.711292032061515
243.8,6.968077223252997
243.85000000000002,10.420375810810816
243.9,8.100657008741592
243.95000000000002,11.306301374168395
244.0,11.265205221618197
244.05,11.93222347975564
244.10000000000002,7.386140384889492
244.15,9.947932486987868
244.20000000000002,10.168168047462753
244.25,7.8607354807936
244.3,7.171156878498977
244.35000000000002,11.839130718638046
244.4,8.980252258651351
244.45000000000002,9.702152558392036
244.5,6.690809924629948
244.55,5.8009291682994695
244.60000000000002,7.004928895588182
244.65,7.7999131397196235
244.70000000000002,5.823443441991639
244.75,7.835924402998784
244.8,4.382140192448584
244.85000000000002,5.422401223203183
244.9,8.907475990648448
244.95000000000002,8.67620686945657
245.0,6.58766253145587
245.05,5.238498572675693
245.10000000000002,5.121655115348229
245.15,6.332187663580611
245.20000000000002,8.269853002522913
245.25,8.739232216172807
245.3,5.79143815746367
245.35000000000002,4.379116588604324
245.4,7.1232305883380675
245.45000000000002,4.841760351993247
245.5,5.353460159402026
245.55,8.941503985527394
245.60000000000002,7.846023319018342
245.65,6.408439104896688
245.70000000000002,3.449210934899045
245.75,6.3162640492192175
245.8,7.919074080744184
245.85000000000002,4.94265045256498
245.9,8.296177046179768
245.95000000000002,8.079346426400093
246.0,8.721107498301217
246.05,5.903796190115428
246.10000000000002,6.36764667129983
246.15,7.920679533970156
246.20000000000002,5.886425991483941
246.25,3.888397663563126
246.3,3.8929057007576793
246.35000000000002,5.166127643647824
246.4,2.0068252603438026
246.45000000000002,4.20026778905888
246.5,6.578627663944263
246.55,-0.0983130273108961
246.60000000000002,7.251736716383522
246.65,6.326018530956688
246.70000000000002,3.0601613401584005
246.75,4.964818758774595
246.8,3.782608295831572
246.85000000000002,6.134501677354765
246.9,5.538030828143848
246.95000000000002,0.6706053312812473
247.0,4.543295574168262
247.05,2.8554837967617037
247.10000000000002,3.330321157185838
247.15,1.6061793062988718
247.20000000000002,6.45661750393867
247.25,4.938242619723842
247.3,1.2763091739549985
247.35000000000002,-0.015679759299931723
247.4,1.779842468066804
247.45000000000002,3.3177919577452184
247.5,2.8267423308372828
247.55,4.75007164480887
247.60000000000002,3.7210293632445968
247.65,3.977584030823625
247.70000000000002,2.5892284623903
247.75,-0.9462782198478856
247.8,1.337325992953446
247.85000000000002,3.744721493223544
247.9,1.4164600713780624
247.95000000000002,2.419410744331423
248.0,0.6676769516242114
248.05,-0.8650366940751248
248.10000000000002,0.8337564057282166
248.15,1.5794561047840407
248.20000000000002,-0.47588339786013234
248.25,0.22898991460193419
248.3,-1.3259463979055501
248.35000000000002,2.6276702670508127
248.4,-0.3849528056726032
248.45000000000002,2.896557326312619
248.5,2.8002857662668896
248.55,-0.71209240284267
248.60000000000002,-2.9150709443245706
248.65,-5.486095917566188
248.70000000000002,-4.756737682990135
248.75,-5.156815316385432
248.8,-0.36404996586928506
248.85000000000002,-3.7347624509712856
248.9,-4.184846248829094
248.95000000000002,-10.573107682992012
249.0,-9.884132753867473
249.05,-7.272623572449515
249.10000000000002,-10.245996693141779
249.15,-13.107795999668467
249.20000000000002,-13.89965243758442
249.25,-14.189806159798577
249.3,-20.53763719219555
249.35000000000002,-22.770254089030768
249.4,-25.484579649614204
249.45000000000002,-24.15260100574355
249.5,-36.25918297483378
249.55,-33.81706766653568
249.60000000000002,-38.47235929510976
249.65,-40.03750721869012
249.70000000000002,-45.21448820882638
249.75,-46.4593013862689
249.8,-47.0696978577278
249.85000000000002,-44.010809674914945
249.9,-49.930547300958956
249.95000000000002,-54.08324390140919
250.0,-53.58368051065068
250.05,-53.49315236726445
250.10000000000002,-55.53632286934585
250.15,-51.49442061221161
250.20000000000002,-47.82364617541539
250.25,-49.90577187438797
250.3,-42.997834874995156
250.35000000000002,-41.589642602927874
250.4,-41.30440520600394
250.45000000000002,-37.25875057960762
250.5,-30.854943901127903
250.55,-29.659720764186435
250.60000000000002,-28.241014887819432
250.65,-25.971909156656793
250.70000000000002,-22.728544566849646
250.75,-21.46971641875929
250.8,-22.422110240273227
250.85000000000002,-12.11069367861969
250.9,-14.088846389481676
250.95000000000002,-12.028618900423613
251.0,-11.580209956811293
251.05,-11.776637508506052
251.10000000000002,-9.707859613396225
251.15,-11.734841062723143
251.20000000000002,-3.3340021611926756
251.25,-9.842757113932821
251.3,-9.038434590915877
251.35000000000002,-7.553751652564275
251.4,-3.877887310759883
251.45000000000002,-6.273611611242153
251.5,-8.678700232616348
251.55,-3.645905097871908
251.60000000000002,-4.675891296209478
251.65,-5.071832052645419
251.70000000000002,-4.749266996145823
251.75,-1.4402086488758226
251.8,-1.919082544395742
251.85000000000002,-7.732037711449867
251.9,-3.186736066103119
251.95000000000002,-5.748782151914019
252.0,-5.600862020923973
252.05,-10.069821498806833
252.10000000000002,-7.113813123296903
252.15,-8.487439612715507
252.20000000000002,-5.29502411688181
252.25,-4.898652545733014
252.3,-11.279587649868661
252.35000000000002,-7.264482235698706
252.4,-5.066391723756905
252.45000000000002,-7.77301727706918
252.5,-6.030876895749595
252.55,-6.8757897620265584
252.60000000000002,-6.983669036552754
252.65,-8.29822722647588
252.70000000000002,-10.277096258758956
252.75,-10.17505514780454
252.8,-6.601067705153978
252.85000000000002,-8.068347681107117
252.9,-8.471490269253675
252.95000000000002,-9.129154543586282
253.0,-8.978365134918322
253.05,-6.360478519433594
253.10000000000002,-9.21080408902516
253.15,-11.308155858462694
253.20000000000002,-7.22412765746857
253.25,-9.206281194244259
253.3,-8.818522309361855
253.35000000000002,-5.750630771546282
253.4,-9.091066684105561
253.45000000000002,-8.555418936320331
253.5,-11.575154208508783
253.55,-9.739845021109588
253.60000000000002,-8.164328595266054
253.65,-12.57667614773027
253.70000000000002,-9.146457674275602
253.75,-9.4284538575313
253.8,-9.62901598640164
253.85000000000002,-7.718492552952476
253.9,-9.204815151688956
253.95000000000002,-6.998090429781642
254.0,-12.021613367515311
254.05,-9.842441242432573
254.10000000000002,-10.024866656664559
254.15,-12.411470778310976
254.20000000000002,-8.439182969013112
254.25,-5.780885092774532
254.3,-10.5423480771495
254.35000000000002,-9.576041427040966
254.4,-10.494435754198825
254.45000000000002,-12.167670565771914
254.5,-14.458687726632764
254.55,-12.305015530373506
254.60000000000002,-13.753320206624831
254.65,-7.636765712068804
254.70000000000002,-11.350385294286674
254.75,-11.886828305830328
254.8,-9.491131547224281
254.85000000000002,-13.587014880614982
254.9,-12.95093629594606
254.95000000000002,-11.354379447988329
255.0,-9.50592016305278
255.05,-10.632638796030388
255.10000000000002,-11.211524127956297
255.15,-11.623717477365021
255.20000000000002,-11.050871018987554
255.25,-11.51903620558512
255.3,-14.052893628227746
255.35000000000002,-11.97100376594691
255.4,-14.28035703329732
255.45000000000002,-12.040234837002398
255.5,-13.232717057049166
255.55,-7.26127858404746
255.60000000000002,-12.488049034849329
255.65,-15.284554015352018
255.70000000000002,-12.811844510672136
255.75,-11.571768826553892
255.8,-9.330352124891657
255.85000000000002,-13.922168454007668
255.9,-15.973891661323485
255.95000000000002,-11.240720674410348
256.0,-15.700536538603782
256.05,-13.876178423676727
256.1,-13.583219466813116
256.15000000000003,-13.270937473950813
256.2,-11.81661343461347
256.25,-14.625061016336353
256.3,-13.867678010792849
256.35,-13.410762867269144
256.40000000000003,-13.144603168446029
256.45,-13.309294608884342
256.5,-12.693658939437766
256.55,-11.938283381619083
256.6,-12.900555201381735
256.65000000000003,-12.838081298231167
256.7,-16.968694250858608
256.75,-13.762353548251816
256.8,-12.961919153277325
256.85,-12.52074027156412
256.90000000000003,-15.42057458348038
256.95,-15.41076279508587
257.0,-15.29725653425126
257.05,-13.132156961472582
257.1,-12.192709798351258
257.15000000000003,-15.130435788374808
257.2,-12.554190099183227
257.25,-14.177308735379945
257.3,-14.72654701670314
257.35,-14.95400353808293
257.40000000000003,-13.090823517975666
257.45,-13.985252399560574
257.5,-10.136668664895572
257.55,-16.44422909757318
257.6,-13.75458462584629
257.65000000000003,-15.899745336810376
257.7,-16.630018808843086
257.75,-14.962826037911096
257.8,-14.715578345678258
257.85,-9.202671566580356
257.90000000000003,-15.455588751237796
257.95,-17.39547535192553
258.0,-14.636458839483142
258.05,-19.37866363761338
258.1,-15.459740640016276
258.15000000000003,-15.28975958406928
258.2,-13.778131375149298
258.25,-13.465147929708975
258.3,-16.464129645333955
258.35,-15.802353523126369
258.40000000000003,-17.077038784489257
258.45,-17.844129860703198
258.5,-15.010958293647088
258.55,-18.220197019231204
258.6,-16.544092275665104
258.65000000000003,-17.746532963945302
258.7,-14.697698812373293
258.75,-12.234618272206243
258.8,-18.480600460669265
258.85,-19.622939837045593
258.90000000000003,-16.20568700309991
258.95,-15.963059639465124
259.0,-15.595209927323115
259.05,-16.962773883659473
259.1,-16.508546478285467
259.15000000000003,-15.408912534056544
259.2,-14.099267243150521
259.25,-20.125952212687142
259.3,-16.988988955304723
259.35,-15.858277467164323
259.40000000000003,-18.15616164547207
259.45,-12.891713807852508
259.5,-17.65824559118564
259.55,-16.50291297829049
259.6,-15.340714108069069
259.65000000000003,-17.667287430198495
259.7,-20.209352301540044
259.75,-17.404532384414797
259.8,-14.518888103183848
259.85,-17.28163412102046
259.90000000000003,-18.3303159185305
259.95,-14.81523518794123
260.0,-17.356790600530857
260.05,-17.74375263415195
260.1,-16.452238128918765
260.15000000000003,-15.23689841918129
260.2,-12.041749679192431
260.25,-15.177011970443864
260.3,-14.53764141923205
260.35,-17.89462084313524
260.40000000000003,-18.959321900343326
260.45,-16.80735062511416
260.5,-16.741631784483445
260.55,-19.136486324445812
260.6,-17.353070364998718
260.65000000000003,-16.22639812198859
260.7,-16.32633045166679
260.75,-16.06015770577356
260.8,-16.50795275540608
260.85,-18.124581366577203
260.90000000000003,-18.158580578973297
260.95,-19.54843127976271
261.0,-13.600261898221378
261.05,-17.161729548185072
261.1,-17.656689990164033
261.15000000000003,-19.082457454218666
261.2,-11.370983241184472
261.25,-19.40591775568582
261.3,-18.133457646660464
261.35,-16.4601262726339
261.40000000000003,-16.106950814529892
261.45,-15.40662871168038
261.5,-13.721931800850552
261.55,-16.33903007946394
261.6,-19.47714482415511
261.65000000000003,-17.892253266802353
261.7,-16.77552073952095
261.75,-13.267099280775739
261.8,-20.211072365113377
261.85,-15.021763379864367
261.90000000000003,-17.078088361471607
261.95,-15.77280327742287
262.0,-17.6625483925955
262.05,-19.15306704033407
262.1,-15.975648114624573
262.15000000000003,-16.177273466447257
262.2,-15.550314289562342
262.25,-17.52888196251339
262.3,-18.709313914474723
262.35,-20.63419469215571
262.40000000000003,-15.884379628862408
262.45,-16.681408280289187
262.5,-19.466370213801646
262.55,-18.617127643835403
262.6,-18.47823195748745
262.65000000000003,-20.5149769793952
262.7,-19.18822751168212
262.75,-19.823939949311935
262.8,-18.384216801110572
262.85,-19.039197467424838
262.90000000000003,-20.817921302210863
262.95,-13.52040644684536
263.0,-15.061748529703054
263.05,-19.125680750214283
263.1,-17.023181073100822
263.15000000000003,-16.7330469187537
263.2,-15.185331139201883
263.25,-19.20381243299887
263.3,-15.381063401963557
263.35,-18.659338523109106
263.40000000000003,-20.2330813338935
263.45,-16.110491011763262
263.5,-14.974235225065822
263.55,-12.37650376750701
263.6,-19.94792496067375
263.65000000000003,-16.14637224324393
263.7,-18.359137159124217
263.75,-15.967727607904218
263.8,-20.469923227928085
263.85,-20.048572967957544
263.90000000000003,-19.06846401963898
263.95,-17.35206039093823
264.0,-18.78501977853271
264.05,-16.17721349234819
264.1,-15.433595582488199
264.15000000000003,-16.279891627186746
264.2,-14.23273413568337
264.25,-16.629521253873463
264.3,-19.885437016391595
264.35,-14.714965244216629
264.40000000000003,-18.64171263297001
264.45,-15.599853904592381
264.5,-14.262123716197138
264.55,-16.484729542174055
264.6,-20.378550453476315
264.65000000000003,-19.210399967326946
264.7,-14.715846759978099
264.75,-17.68656009946285
264.8,-17.175767404396762
264.85,-15.803487850304137
264.90000000000003,-15.914337393426994
264.95,-16.734855932430136
265.0,-17.69489253555747
265.05,-17.887622521939836
265.1,-15.530849237232502
265.15000000000003,-16.123502334837724
265.2,-17.728871004219837
265.25,-15.033312937994339
265.3,-17.43851118135151
265.35,-18.86631339701163
265.40000000000003,-18.66311915035777
265.45,-19.084492645844147
265.5,-17.653310665665614
265.55,-14.622170108157354
265.6,-18.68058737935654
265.65000000000003,-16.673876127049198
265.7,-18.34429122285193
265.75,-17.531271730832906
265.8,-20.010135418549396
265.85,-17.410189036039203
265.90000000000003,-17.33524517634435
265.95,-15.84564465416707
266.0,-16.457711169885147
266.05,-19.278778082682365
266.1,-14.69098862817418
266.15000000000003,-16.41584284247032
266.2,-16.416400305534744
266.25,-16.807967172081675
266.3,-17.801211302607697
266.35,-16.305866608679402
266.40000000000003,-15.765752363861324
266.45,-20.18586377436742
266.5,-17.744424582038512
266.55,-17.151316885125635
266.6,-16.103293462973543
266.65000000000003,-14.20291826745646
266.7,-18.10662358014038
266.75,-17.532365584521184
266.8,-17.534510531751867
266.85,-18.085200610807313
266.90000000000003,-17.148926471942723
266.95,-14.885064263622201
267.0,-18.506164335993077
267.05,-15.514400874566197
267.1,-19.745084389622605
267.15000000000003,-17.434922408346285
267.2,-16.941910007762502
267.25,-12.903617852829596
267.3,-16.77307070096962
267.35,-20.595807343066923
267.40000000000003,-20.160680245190758
267.45,-16.064155351556213
267.5,-14.873717297851073
267.55,-15.319126514603314
267.6,-15.703414324575668
267.65000000000003,-13.682291091704915
267.7,-17.053990288829628
267.75,-14.152728479355185
267.8,-19.174067669551988
267.85,-17.687170825309472
267.90000000000003,-19.45834655594243
267.95,-16.360696722578147
268.0,-15.870027068059013
268.05,-15.515558733788465
268.1,-15.586013091469392
268.15000000000003,-17.530667960450387
268.2,-16.0215903464202
268.25,-18.601317651540505
268.3,-12.84505276560876
268.35,-16.14362246079218
268.40000000000003,-16.478777808356856
268.45,-12.287538289051806
268.5,-17.91410597890028
268.55,-17.644764171132998
268.6,-17.549793169984994
268.65000000000003,-15.45664589240723
268.7,-14.420981000781047
268.75,-13.768027472769052
268.8,-10.066317441255741
268.85,-19.671900675222204
268.90000000000003,-13.918092812043383
268.95,-16.212156405759
269.0,-16.23286239378184
269.05,-16.26152127531878
269.1,-16.80127189700355
269.15000000000003,-11.576251566753596
269.2,-13.222090940471988
269.25,-14.821496211474487
269.3,-12.126879994322112
269.35,-17.81481606163855
269.40000000000003,-17.411840874128465
269.45,-19.06686695569873
269.5,-16.070092404512945
269.55,-14.308031613456839
269.6,-14.385712922473598
269.65000000000003,-14.25258629836089
269.7,-17.333065019662826
269.75,-12.86416687080513
269.8,-13.950592648231718
269.85,-12.92295935139535
269.90000000000003,-18.133663972747687
269.95,-13.684083651299686
270.0,-16.64137822426237
270.05,-15.019135826904144
270.1,-13.11426288277231
270.15000000000003,-13.95917318693219
270.2,-15.80267502096975
270.25,-14.04515293598608
270.3,-17.07874617403613
270.35,-11.672991739202812
270.40000000000003,-14.341822834307818
270.45,-11.651763033065508
270.5,-14.899416869393225
270.55,-14.850881078631385
270.6,-15.289365900408455
270.65000000000003,-11.965797893410432
270.7,-15.094054290933906
270.75,-12.34294270589539
270.8,-14.353877920187038
270.85,-17.497639822556916
270.90000000000003,-14.642984583494982
270.95,-15.817121811601709
271.0,-13.347557161884287
271.05,-15.752546178904097
271.1,-11.476062055650033
271.15000000000003,-13.466361556452332
271.2,-13.5955180095088
271.25,-11.884579109054526
271.3,-11.224510634575687
271.35,-13.14840944901043
271.40000000000003,-14.606428881137404
271.45,-16.56771531169489
271.5,-14.3475574166095
271.55,-14.165500806916787
271.6,-12.672518966582523
271.65000000000003,-13.532426898851599
271.7,-11.421710715958522
271.75,-13.978933537070535
271.8,-12.822389022150714
271.85,-10.295623400714039
271.90000000000003,-11.935193904613131
271.95,-12.69412244665101
272.0,-13.733098798264677
272.05,-13.750797310672615
272.1,-14.14065020527806
272.15000000000003,-13.476493715980467
272.2,-10.838174214445939
272.25,-12.748280479906564
272.3,-14.959022770420617
272.35,-8.678087895471137
272.40000000000003,-11.529425606918984
272.45,-14.938154452946595
272.5,-12.962861816803377
272.55,-11.812274642422864
272.6,-8.579736285208826
272.65000000000003,-14.160010547440402
272.7,-9.946563918850474
272.75,-9.054529264476404
272.8,-13.065666984796694
272.85,-12.318243819438708
272.90000000000003,-13.790697684062522
272.95,-12.079870923363929
273.0,-11.701007323796626
273.05,-10.263417826441279
273.1,-9.357255466936895
273.15000000000003,-12.988735682357762
273.2,-15.38213379583631
273.25,-11.444934716067568
273.3,-10.770355362538297
273.35,-10.813606478985923
273.40000000000003,-11.920828333268005
273.45,-10.973048552807882
273.5,-8.146767350054603
273.55,-10.369328507590543
273.6,-11.834711594340014
273.65000000000003,-12.043588645751
273.7,-11.338158703192095
273.75,-7.680280082335676
273.8,-11.275714809992289
273.85,-10.904105148561694
273.90000000000003,-11.784598662305894
273.95,-8.577514159217106
274.0,-6.811372303069089
274.05,-9.785445520478435
274.1,-10.47681176180187
274.15000000000003,-10.524541262503742
274.2,-15.32253553271502
274.25,-9.019503168093957
274.3,-10.197425160780702
274.35,-9.565099372341178
274.40000000000003,-11.800807948417884
274.45,-11.102974222020489
274.5,-11.112366260152566
274.55,-8.203407553778149
274.6,-10.960593724330991
274.65000000000003,-5.994259503436161
274.7,-9.254449136471962
274.75,-12.624223004611107
274.8,-10.286726007334677
274.85,-11.2898535600314
274.90000000000003,-14.332234431163261
274.95,-6.701592179810785
275.0,-8.451414038067693
275.05,-8.74855213372422
275.1,-9.44153176032178
275.15000000000003,-12.493853263069658
275.2,-10.654640240950204
275.25,-7.961543086786044
275.3,-11.705356244607382
275.35,-14.624381264964244
275.40000000000003,-9.973098007381834
275.45,-9.760563372923606
275.5,-9.164204608984617
275.55,-7.936700214188598
275.6,-8.077056785437668
275.65000000000003,-8.793386512358095
275.7,-6.878649806936034
275.75,-12.26656928334698
275.8,-8.178515828635753
275.85,-7.893786970747484
275.90000000000003,-11.585308907772072
275.95,-12.071384471530905
276.0,-10.517126575556142
276.05,-10.308066282903972
276.1,-7.43802939724771
276.15000000000003,-10.13397650065298
276.2,-10.577774080177717
276.25,-10.04867193443421
276.3,-6.548618309995707
276.35,-8.720427626281541
276.40000000000003,-9.06580246840962
276.45,-8.888253856873177
276.5,-6.045222771539387
276.55,-10.08894733945959
276.6,-5.92100932864573
276.65000000000003,-8.092618614438583
276.7,-8.796200241058383
276.75,-3.4354773809595693
276.8,-10.510642549021115
276.85,-9.068990218088063
276.90000000000003,-10.78890787380556
276.95,-6.3817213339036485
277.0,-4.871042071973468
277.05,-4.8725254131683675
277.1,-5.7276024520788935
277.15000000000003,-8.534049380961532
277.2,-8.832779936413342
277.25,-11.408309641485092
277.3,-3.9580792355318035
277.35,-7.055911953998443
277.40000000000003,-8.942010805362363
277.45,-5.266400655022229
277.5,-9.832650912171536
277.55,-7.03867670543517
277.6,-8.162170813541197
277.65000000000003,-6.504744323323301
277.7,-7.874627422674303
277.75,-10.614914931672637
277.8,-7.527683638748279
277.85,-5.54708511468598
277.90000000000003,-7.6694243390209085
277.95,-6.027141846892215
278.0,-9.6350153618851
278.05,-7.563267303494784
278.1,-8.726762252099014
278.15000000000003,-5.950982842121453
278.2,-7.349373374790302
278.25,-5.999831145512468
278.3,-5.172390876068411
278.35,-5.932620233176161
278.40000000000003,-6.737879772227592
278.45,-9.249015179081699
278.5,-7.226852813880701
278.55,-8.256368365564
278.6,-7.847440595483004
278.65000000000003,-7.877725352489305
278.7,-9.05807289836125
278.75,-10.982685017945863
278.8,-8.374302468077268
278.85,-6.621489471532772
278.90000000000003,-9.67505895728098
278.95,-6.918022369955227
279.0,-3.119758437946314
279.05,-4.84531805208491
279.1,-3.57571240121671
279.15000000000003,-6.052133235103717
279.2,-4.471193140205767
279.25,-8.226197170296015
279.3,-8.039235174012834
279.35,-12.201354854875262
279.40000000000003,-4.323537016871005
279.45,-3.588168078163986
279.5,-7.748393965640706
279.55,-7.123402485976745
279.6,-8.096919839657275
279.65000000000003,-5.797822751964822
279.7,-4.287437456102632
279.75,-9.997258363866596
279.8,-5.667489113120389
279.85,-7.014602059155645
279.90000000000003,-6.209603332995387
279.95,-5.493779634329495
280.0,-6.763790597875289
280.05,-6.570420696759089
280.1,-6.767102389379777
280.15000000000003,-4.375069100111489
280.2,-5.454775990962277
280.25,-5.827968757005893
280.3,-8.788125247869294
280.35,-6.980713838026231
280.40000000000003,-4.40379565286231
280.45,-6.103568011099253
280.5,-4.837973432188914
280.55,-2.602336465784884
280.6,-4.036720537462707
280.65000000000003,-5.906437940062999
280.7,-7.093804623798977
280.75,-11.158247252481225
280.8,-6.367490154368715
280.85,-6.662568367686319
280.90000000000003,-5.209885199350944
280.95,-6.27875370991256
281.0,-6.5922907910446025
281.05,-9.491147972806864
281.1,-7.793367490521276
281.15000000000003,-4.94146399161045
281.2,-2.4445377946083338
281.25,-6.05324375516055
281.3,-5.184663905260311
281.35,-3.917676106342436
281.40000000000003,-7.427020115089786
281.45,-5.054457567007607
281.5,-7.252172981771264
281.55,-4.024904810830588
281.6,-5.435362394678828
281.65000000000003,-5.125133612692183
281.7,-7.271357178463547
281.75,-4.276472028231526
281.8,-1.5057416999975484
281.85,-7.675875752200974
281.90000000000003,-6.324709194484025
281.95,-5.1673690051285295
282.0,-4.043418200052478
282.05,-6.721223683789687
282.1,-11.254345905956216
282.15000000000003,-2.8563141602370825
282.2,-4.040342212314953
282.25,-9.034164147450005
282.3,-6.750574471633735
282.35,-2.386492814245105
282.40000000000003,-2.6149384047693234
282.45,-3.6211773299338463
282.5,-5.838860706647572
282.55,-5.309091541542968
282.6,-5.725600336625917
282.65000000000003,-3.196203026177135
282.7,-7.19355248618229
282.75,-7.0429029552283735
282.8,-3.400440996178909
282.85,-5.499649800423669
282.90000000000003,-2.64417871896543
282.95,-6.734573813749556
283.0,-5.491791111127617
283.05,-7.217993945660648
283.1,-5.349624350465979
283.15000000000003,-8.312873016296729
283.2,-6.322722627571557
283.25,-8.211886878922554
283.3,-3.9437022547643608
283.35,-3.8907852940194343
283.40000000000003,-8.777149821882475
283.45,-2.64175783001484
283.5,-0.3078480218582067
283.55,-5.204057852485434
283.6,-6.5719342824285105
283.65000000000003,0.3650781288389524
283.7,-7.915638849796084
283.75,-5.231848565285942
283.8,-4.90741676572138
283.85,-2.5712053518768005
283.90000000000003,-4.537100681298555
283.95,-6.2491624894885485
284.0,-7.1498167867718205
284.05,-5.926881554000244
284.1,-7.253118243654801
284.15000000000003,-5.139873436174474
284.2,-6.3604111238551635
284.25,-8.216822345962743
284.3,-2.715415640998347
284.35,-6.2182443262047515
284.40000000000003,-7.7565956781596626
284.45,-5.554492961305623
284.5,-5.07911311178978
284.55,-8.70689924963775
284.6,-4.549007082557858
284.65000000000003,-7.3051802804939925
284.7,-1.7875953876504984
284.75,-4.1607439943504865
284.8,-6.007700158043436
284.85,-6.697693006341426
284.90000000000003,-5.416971263465182
284.95,-3.981352793277261
285.0,-5.258039942519105
285.05,-5.6417046093116765
285.1,-5.091198528585727
285.15000000000003,-6.416424782871758
285.2,-5.896101153604847
285.25,-9.38246998586498
285.3,-3.2648407273577136
285.35,-4.616316811606227
285.40000000000003,-6.762653160112699
285.45,-1.4203093253582524
285.5,-5.045991644410252
285.55,-7.294763337580619
285.6,-3.5116579660387366
285.65000000000003,-4.431896759301617
285.7,-4.441896099304164
285.75,-6.085831364378567
285.8,-4.33679269710197
285.85,-5.7649633031585195
285.90000000000003,-4.133423655495755
285.95,-9.059251216347704
286.0,-6.121359538741443
286.05,-1.8137459040630581
286.1,-6.7968262934890555
286.15000000000003,-6.475193656699294
286.2,-6.168454399865353
286.25,-7.707346210825944
286.3,-9.699683821493437
286.35,-5.7498680556052735
286.40000000000003,-5.022732591712448
286.45,-5.405399469050736
286.5,-5.596264564533511
286.55,-5.22672251684291
286.6,-3.2735953222381924
286.65000000000003,-5.7068202995925335
286.7,-6.4809168537558834
286.75,-5.901998991746127
286.8,-4.188221803796629
286.85,-2.530198262336588
286.90000000000003,-6.618043991968037
286.95,-5.171559622783287
287.0,-4.700547563777273
287.05,-7.370416645875846
287.1,-5.352585770950391
287.15000000000003,-8.333086923392324
287.2,-8.948316880127608
287.25,-4.685356799792466
287.3,-6.1953870267710975
287.35,-5.032017537954453
287.40000000000003,-5.481460280235133
287.45,-7.407711832406664
287.5,-5.5548094442345635
287.55,-7.9400385011756285
287.6,-2.701570409661125
287.65000000000003,-8.205277460561359
287.7,-5.894869584612758
287.75,-7.597943322373956
287.8,-4.382795929260335
287.85,-6.1968743579921135
287.90000000000003,-6.581851776927996
287.95,-3.8487535152334127
288.0,-5.50706338723543
288.05,-4.543531483510703
288.1,-7.550494024512906
288.15000000000003,-8.408621908431108
288.2,-5.395840170335583
288.25,-6.259337185870093
288.3,-4.380281909196152
288.35,-5.804591419901604
288.40000000000003,-5.246361650782587
288.45,-8.915127821537395
288.5,-1.9034499867606165
288.55,-6.020877657309193
288.6,-4.309396320630896
288.65000000000003,-7.3890349555126145
288.7,-5.113215962109167
288.75,-8.347410252002252
288.8,-4.85016881434846
288.85,-6.478933225075687
288.90000000000003,-5.721379396963942
288.95,-4.396680451445284
289.0,-8.27066796638376
289.05,-7.187618321698111
289.1,-4.917120450053773
289.15000000000003,-1.6485447931716068
289.2,-6.134453655204029
289.25,-4.689398434875092
289.3,-6.0990736566227755
289.35,-2.0141758476151663
289.40000000000003,-9.406720870716093
289.45,-5.7367180247524745
289.5,-9.19080072731235
289.55,-10.966676200342315
289.6,-5.37249508245582
289.65000000000003,-5.702373326803289
289.7,-6.56505399001756
289.75,-6.22183881264047
289.8,0.1730205437571799
289.85,-6.554111311031462
289.90000000000003,-5.031747880650669
289.95,-7.365012500997654
290.0,-5.490152487700514
290.05,-6.57146610249185
290.1,-6.9304609865794164
290.15000000000003,-2.4860941896330035
290.2,-3.7840283293884855
290.25,-5.879449530851127
290.3,-10.775946629803219
290.35,-6.904154288231622
290.40000000000003,-0.7907247325354367
290.45,-6.672775929527557
290.5,-4.019716677138624
290.55,-3.356990502705172
290.6,-5.817692986483924
290.65000000000003,-7.954029381300396
290.7,-11.155793625673361
290.75,-4.931640687956716
290.8,-7.944290301840381
290.85,-5.977299377021257
290.90000000000003,-8.844071480126106
290.95,-6.889742676003791
291.0,-6.306670288340732
291.05,-5.851763779801512
291.1,-8.633437329546037
291.15000000000003,-4.024810264967488
291.2,-7.627255856878914
291.25,-9.797231970310273
291.3,-6.6811570055087195
291.35,-6.409164732484749
291.40000000000003,-6.171527450106796
291.45,-3.7832159658457107
291.5,-6.99513410204673
291.55,-6.776210236977538
291.6,-8.758050918488184
291.65000000000003,-4.925260628182842
291.7,-6.212406994285513
291.75,-7.435707774933251
291.8,-10.41959631208212
291.85,-3.735982242971125
291.90000000000003,-9.094689068133542
291.95,-7.8363681563908685
292.0,-5.951564299420734
292.05,-9.07576624067027
292.1,-9.684020571580026
292.15000000000003,-10.959198073221092
292.2,-5.283559846835129
292.25,-7.830123729741222
292.3,-0.8993528764266232
292.35,-8.756687037809751
292.40000000000003,-8.624902513467013
292.45,-7.926747373201641
292.5,-6.323588185816237
292.55,-7.764093026582027
292.6,-5.612781256058633
292.65000000000003,-8.808309974697595
292.7,-9.627930012299245
292.75,-10.474713000276983
292.8,-11.338890065471944
292.85,-7.941256936662072
292.90000000000003,-7.520373349946098
292.95,-8.19449496782783
293.0,-4.457929569054773
293.05,-4.501710762077865
293.1,-7.640314647724634
293.15000000000003,-10.571393572892633
293.2,-8.129707129082567
293.25,-8.208585873052016
293.3,-8.335757503251964
293.35,-8.42936591924153
293.40000000000003,-8.353188195668995
293.45,-7.831571412411501
293.5,-8.341685364833353
293.55,-6.665960076392402
293.6,-6.373754261020575
293.65000000000003,-8.92755087537013
293.7,-4.575779205875702
293.75,-9.089561510493045
293.8,-10.376440822462179
293.85,-6.390559530138166
293.90000000000003,-8.79807916465547
293.95,-6.531696081208681
294.0,-11.992499019013309
294.05,-4.410997162744216
294.1,-5.861931665443123
294.15000000000003,-10.21794099929959
294.2,-10.184869333212049
294.25,-3.892966013291169
294.3,-8.722293707183642
294.35,-8.925790815517157
294.40000000000003,-11.799261465043294
294.45,-7.9782965944975075
294.5,-7.741606879886868
294.55,-5.864451302092775
294.6,-10.102704399769525
294.65000000000003,-10.354069207716412
294.7,-6.4203543012747355
294.75,-5.317437085517712
294.8,-10.481651144920727
294.85,-5.184596896730795
294.90000000000003,-7.2806472857645925
294.95,-5.180051330178941
295.0,-7.511856785264791
295.05,-12.423546846377954
295.1,-7.69031950838878
295.15000000000003,-5.273307516933365
295.2,-9.18811218330037
295.25,-8.183387563626779
295.3,-7.766372520328221
295.35,-13.219589491575345
295.40000000000003,-4.084129062902293
295.45,-9.235642258751469
295.5,-6.427288870249234
295.55,-7.617830950623957
295.6,-4.934657579610567
295.65000000000003,-6.643046504571882
295.7,-7.9300643732634315
295.75,-9.252095108831739
295.8,-5.874002625063587
295.85,-11.221013756635593
295.90000000000003,-6.186563461168542
295.95,-9.680431014096062
296.0,-4.981553485846657
296.05,-7.167081155123221
296.1,-6.204770319044605
296.15000000000003,-7.332154086089263
296.2,-11.0037740783117
296.25,-9.223138784629272
296.3,-6.159332837895393
296.35,-7.172999518944593
296.40000000000003,-5.146297678614401
296.45,-6.703459513540011
296.5,-9.444906516219087
296.55,-9.104886190529953
296.6,-7.307937550046249
296.65000000000003,-12.142632275976798
296.7,-4.168187754248992
296.75,-6.631859185358557
296.8,-5.061316541017848
296.85,-10.676376842325103
296.90000000000003,-5.02557022941077
296.95,-3.050980907670631
297.0,-10.154758447880274
297.05,-5.96896423145709
297.1,-7.508055353157191
297.15000000000003,-10.597389969358645
297.2,-6.520739252135527
297.25,-5.8370218971217245
297.3,-8.70393701825517
297.35,-5.167039292827038
297.40000000000003,-10.829318712820434
297.45,-10.481953246866114
297.5,-7.215623061918261
297.55,-7.434150408614918
297.6,-8.913895645580387
297.65000000000003,-5.857110486585238
297.7,-6.409782811069806
297.75,-5.75028518806658
297.8,-7.707546331643874
297.85,-6.250539740592745
297.90000000000003,-8.341142839873758
297.95,-3.3360604227167183
298.0,-9.062357007380495
298.05,-3.219948864288649
298.1,-7.353755186952957
298.15000000000003,-10.16724784356407
298.2,-4.672468509187435
298.25,-7.148930292284981
298.3,-5.690294008868134
298.35,-4.936341361042443
298.40000000000003,-6.699353530501157
298.45,-8.550656823468652
298.5,-5.405356548258357
298.55,-7.345576767632614
298.6,-5.96537158221008
298.65000000000003,-11.634241424928064
298.7,-6.422202199796583
298.75,-8.582413631159563
298.8,-3.987388750768222
298.85,-6.036287792098161
298.90000000000003,-6.790888613469302
298.95,-6.2858116411769505
299.0,-9.242825527546895
299.05,-3.9866260866379877
299.1,-3.2372765245900945
299.15000000000003,-6.420749292874835
299.2,-4.012008014396599
299.25,-8.317029112989335
299.3,-8.758554995594125
299.35,-7.067749968900828
299.40000000000003,-6.264664336382824
299.45,-7.907140969329685
299.5,-6.027925585875263
299.55,-6.474649463088067
299.6,-9.06767948990384
299.65000000000003,-6.016787434449588
299.7,-5.310293514704232
299.75,-6.677055893747941
299.8,-4.697009864871266
299.85,-9.419091244775101
299.90000000000003,-6.030025490664954
299.95,-9.287794578739842
300.0,-9.156365946741698
300.05,-8.17069729122918
300.1,-8.773249825823546
300.15000000000003,-7.965075501336016
300.2,-7.27699860610504
300.25,-5.15366201053133
300.3,-7.449220115529968
300.35,-9.956741758481986
300.40000000000003,-4.483599422976618
300.45,-8.415815847591283
300.5,-6.836631838430668
300.55,-5.80332757674243
300.6,-6.274042842873574
300.65000000000003,-4.461420453542646
300.7,-5.667941224895929
300.75,-8.324386059890415
300.8,-2.2201127158180576
300.85,-6.163690440983984
300.90000000000003,-6.821807648720606
300.95,-4.573695101934842
301.0,-5.976711151734468
301.05,-5.650871531956678
301.1,-1.4383220268066017
301.15000000000003,-6.945941689435313
301.2,-7.003875621050954
301.25,-6.107497506344662
301.3,-4.169568577613924
301.35,-9.297259190149564
301.40000000000003,-10.186537915617428
301.45,-7.4005355758427225
301.5,-9.464673348702085
301.55,-7.016655628558889
301.6,-5.131801781951946
301.65000000000003,-7.887749528604704
301.7,-8.92899763575425
301.75,-5.905404577710209
301.8,-4.287367792048708
301.85,-9.370418660677295
301.90000000000003,-4.307664910800635
301.95,-4.280815882454096
302.0,-3.9741971024301694
302.05,-3.4119861218804606
302.1,-1.4111379872817942
302.15000000000003,-6.493209089225337
302.2,-5.527380706248082
302.25,-6.54453919330277
302.3,-5.6724865689993385
302.35,-2.575110853941366
302.40000000000003,-8.294943136879485
302.45,-7.290709354783842
302.5,-2.7775831754850775
302.55,-3.4548462467825916
302.6,-6.183795936294766
302.65000000000003,-3.7109812069091745
302.7,-4.69924530802884
302.75,-2.3426588277394798
302.8,-5.1553592497296155
302.85,-3.2139240288075026
302.90000000000003,0.058386210540032124
302.95,-3.989528314754833
303.0,-5.046799112570653
303.05,-3.6599302609448476
303.1,-5.794394884572611
303.15000000000003,-0.24654704371523195
303.2,-4.6206302347073285
303.25,-5.484569612181948
303.3,-6.567652705918016
303.35,-2.659047374206816
303.40000000000003,-3.0759676242451754
303.45,-5.761547828362379
303.5,-3.5700753049597846
303.55,-7.695871464894872
303.6,-4.2642429034116915
303.65000000000003,-3.6837392532213338
303.7,-1.129304026375868
303.75,-6.039957147618841
303.8,-7.009025347891905
303.85,-6.196821673295686
303.90000000000003,-7.032394006497466
303.95,-1.6388796369184773
304.0,-1.167499718631904
304.05,-3.576576254865761
304.1,-1.7262983221104284
304.15000000000003,-3.8524985290844387
304.2,-4.261814528479297
304.25,-4.688491890705544
304.3,-4.593674160764857
304.35,-7.018621569706623
304.40000000000003,-3.3442866289531534
304.45,-3.902893780551584
304.5,-2.2805871242020066
304.55,-3.5329977219056485
304.6,-3.993842530940797
304.65000000000003,-5.358866630309535
304.7,-3.419875345944758
304.75,-2.0350652098156816
304.8,-5.7452329222160765
304.85,-3.2302809505918013
304.90000000000003,-2.8854751730333046
304.95,-4.7336832309730745
305.0,-4.418919718289438
305.05,-2.72730061864845
305.1,-5.400342247585176
305.15000000000003,-2.378294304808543
305.2,-4.8131565970050705
305.25,-0.8407121468317995
305.3,1.7655977089273875
305.35,-4.5748772149653245
305.40000000000003,-1.727922330391083
305.45,-4.192465973503741
305.5,-0.5993886589330439
305.55,-5.1538004888272155
305.6,-1.603769744362459
305.65000000000003,-4.252254834991634
305.7,-2.8612549097091544
305.75,-4.450021461112325
305.8,-0.6836326738301715
305.85,-3.94233574904736
305.90000000000003,-1.1041678777468797
305.95,-2.835694970494458
306.0,-2.3155285836887796
306.05,-1.7298406247999736
306.1,-3.4874553381762645
306.15000000000003,-1.4812115786355977
306.2,1.2208959392374537
306.25,-3.333479052476388
306.3,0.6291242547734872
306.35,1.344801055277967
306.40000000000003,-3.220295385222107
306.45,-4.434380232142907
306.5,-0.8563306766690961
306.55,-2.4907462558732743
306.6,2.4058977613229673
306.65000000000003,-1.196771268049213
306.7,-2.8055645315230704
306.75,-3.429967304087609
306.8,1.1099743466315162
306.85,-2.1460970715051815
306.90000000000003,-0.8496728946301793
306.95,1.0409642352635737
307.0,-1.7721797007789133
307.05,-0.8282549827687345
307.1,-0.7019826820476012
307.15000000000003,0.7656387760489023
307.20000000000005,0.6485965369349762
307.25,-0.9047206575423982
307.3,-0.2685169943563799
307.35,-1.0704176277444288
307.40000000000003,-3.2128531906468516
307.45000000000005,0.3270785453822621
307.5,3.666037787483804
307.55,-1.8157361200256978
307.6,-1.524040685328389
307.65000000000003,-1.6488533589566732
307.70000000000005,1.6126342554637751
307.75,1.1315333530500502
307.8,-0.01113980636904921
307.85,-1.458469885058753
307.90000000000003,0.6342121306272595
307.95000000000005,-2.607639640680951
308.0,0.8808576648003914
308.05,2.4097051486154593
308.1,-1.7628400604569565
308.15000000000003,-2.2523284656767872
308.20000000000005,4.044979818237909
308.25,-0.2637752075226716
308.3,3.3055218931327213
308.35,0.7997530824251177
308.40000000000003,0.8581990464602057
308.45000000000005,2.1335303624488247
308.5,-0.4364625060911236
308.55,1.6715916300997284
308.6,0.7189104576226534
308.65000000000003,-1.0835779443710876
308.70000000000005,2.3081183465571526
308.75,1.182507312031575
308.8,1.471263332236144
308.85,-0.558599652866381
308.90000000000003,5.121149228960878
308.95000000000005,3.7686179598418317
309.0,4.0205550892097515
309.05,1.5586180825094398
309.1,-1.2113859131266804
309.15000000000003,6.230492987289622
309.20000000000005,2.2803452935025845
309.25,0.983024275222655
309.3,3.3925097713303076
309.35,4.971627864764867
309.40000000000003,2.6699594554431734
309.45000000000005,5.352077483304391
309.5,5.039983581143753
309.55,0.8004655263016884
309.6,1.6850771781529104
309.65000000000003,5.027344134546302
309.70000000000005,-2.2331623443717845
309.75,2.9731225434483224
309.8,0.49051844686674295
309.85,2.4793935320612683
309.90000000000003,2.915352185049472
309.95000000000005,2.8771633460626447
310.0,2.5699554026695486
310.05,1.5611800230972315
310.1,8.420440414734516
310.15000000000003,7.652851113032378
310.20000000000005,1.6752608631237855
310.25,7.245245079890111
310.3,3.363850833179567
310.35,4.503075638479459
310.40000000000003,4.200217757500595
310.45000000000005,3.0894769443865435
310.5,6.459028473667178
310.55,4.82558485258257
310.6,3.7033328205581975
310.65000000000003,2.1300139405720144
310.70000000000005,3.034890652484033
310.75,1.6223363860653834
310.8,5.0126851222440845
310.85,2.678171095271398
310.90000000000003,4.623765721397936
310.95000000000005,7.978592488820222
311.0,7.7206048782078485
311.05,5.341181148301842
311.1,5.315404270377474
311.15000000000003,9.333268509291337
311.20000000000005,6.699081551289863
311.25,5.086107805199673
311.3,2.9739347125984583
311.35,6.6980636972575445
311.40000000000003,7.653404488646416
311.45000000000005,4.815984213416347
311.5,6.746310987843724
311.55,5.521462250697908
311.6,5.965329796646213
311.65000000000003,1.442615861876848
311.70000000000005,6.059639407139186
311.75,8.52695713315005
311.8,5.410501020266367
311.85,6.8635149659616275
311.90000000000003,5.331782607883085
311.95000000000005,7.649852050630189
312.0,6.581267049251535
312.05,5.22123235634697
312.1,9.850274784412909
312.15000000000003,9.128543869775712
312.20000000000005,6.1464230485336095
312.25,8.437415820392973
312.3,8.602308869065439
312.35,8.897773171122696
312.40000000000003,4.31038205572754
312.45000000000005,9.797864512626225
312.5,6.7310426453413905
312.55,7.2406025186995
312.6,13.317865488751087
312.65000000000003,8.731715233744302
312.70000000000005,7.441209998856358
312.75,3.889169765936388
312.8,11.16520451520772
312.85,5.781185900830695
312.90000000000003,6.550664770250959
312.95000000000005,7.980780729384938
313.0,11.562254148185701
313.05,10.361855329357358
313.1,8.585641744530982
313.15000000000003,9.60383597550655
313.20000000000005,7.872406277311621
313.25,9.438398639012489
313.3,9.391663175816637
313.35,11.268409777582809
313.40000000000003,11.35108544528497
313.45000000000005,10.490519130625575
313.5,8.863677402822587
313.55,11.15779527557416
313.6,9.575958968875744
313.65000000000003,7.681776449660049
313.70000000000005,9.124699983504517
313.75,10.185958030233635
313.8,11.922919258772422
313.85,9.820967125497399
313.90000000000003,7.855110989388753
313.95000000000005,10.472422896380587
314.0,10.67122591406934
314.05,10.901303590916482
314.1,12.454623066375435
314.15000000000003,12.737912424034038
314.20000000000005,9.596761321091462
314.25,9.6379414878358
314.3,8.87480153866466
314.35,12.437723077979818
314.40000000000003,14.022543952066249
314.45000000000005,10.579468099024242
314.5,10.811412266232324
314.55,14.312390171312886
314.6,12.474399646202272
314.65000000000003,12.420118451452458
314.70000000000005,9.250078351297542
314.75,13.073530042245194
314.8,9.941858982255098
314.85,9.616041270745136
314.90000000000003,11.274377689420248
314.95000000000005,10.880060819415005
315.0,11.692055526854126
315.05,9.33678052581943
315.1,14.219742522144902
315.15000000000003,14.640722854157405
315.20000000000005,8.573776922264743
315.25,14.508357346328413
315.3,11.013229610072093
315.35,14.430945361774363
315.40000000000003,12.66266801903893
315.45000000000005,12.939535164791517
315.5,12.594065105228992
315.55,15.47064553705296
315.6,10.649185209545678
315.65000000000003,14.42586042666221
315.70000000000005,15.494500032049931
315.75,14.806018287746094
315.8,18.104069886929565
315.85,12.477945010788314
315.90000000000003,15.531444248174022
315.95000000000005,13.485476033780678
316.0,16.245115842916064
316.05,13.843392822074202
316.1,13.16330416782364
316.15000000000003,16.631299913227718
316.20000000000005,13.115943322611379
316.25,11.35333636884571
316.3,13.224620871146257
316.35,15.57571042492987
316.40000000000003,17.200852155838763
316.45000000000005,14.717960838874832
316.5,17.210818066069265
316.55,11.936587437740872
316.6,13.844712309212465
316.65000000000003,14.232176680372312
316.70000000000005,14.658078567343082
316.75,15.13303665787058
316.8,16.424097332146147
316.85,14.229863485222998
316.90000000000003,15.474507625182
316.95000000000005,15.182946049275852
317.0,13.497919239411665
317.05,15.198635680996967
317.1,15.21467996861989
317.15000000000003,15.247624994191353
317.20000000000005,15.716846435690783
317.25,15.879967487556735
317.3,14.939071607348978
317.35,18.423878865295016
317.40000000000003,13.61401864770586
317.45000000000005,14.585310486737361
317.5,21.66118625787795
317.55,14.099019340451862
317.6,13.540967712114576
317.65000000000003,17.790634775531373
317.70000000000005,12.240372265708242
317.75,15.996718563791665
317.8,20.831291634450757
317.85,13.521863606391
317.90000000000003,12.719615695773264
317.95000000000005,13.756704323035304
318.0,18.62301806829067
318.05,19.146792031887294
318.1,15.942705433729223
318.15000000000003,18.404654375863373
318.20000000000005,19.88878620571483
318.25,20.75271115270394
318.3,16.754784682172247
318.35,12.713640244286424
318.40000000000003,15.743643160963984
318.45000000000005,16.600296219691895
318.5,17.004214294390025
318.55,17.214241444446102
318.6,19.895296299163142
318.65000000000003,20.27358673880751
318.70000000000005,17.44827872287607
318.75,20.055162739772943
318.8,18.639750948748368
318.85,18.11934112997571
318.90000000000003,19.868981689224956
318.95000000000005,18.26562237635178
319.0,22.301623756384927
319.05,15.373717922996867
319.1,17.284390570951096
319.15000000000003,18.125537483541017
319.20000000000005,19.320971911711958
319.25,21.041124664420146
319.3,18.51918719415011
319.35,15.785946731921594
319.40000000000003,20.377494187076493
319.45000000000005,20.264080559837115
319.5,14.931776233894308
319.55,18.868847336119877
319.6,15.75676316515707
319.65000000000003,17.667962686010682
319.70000000000005,17.251489584981677
319.75,20.735101581502406
319.8,19.40931716549201
319.85,16.66317704466409
319.90000000000003,21.052808522087957
319.95000000000005,16.4829955566443
320.0,20.068376202861483
320.05,17.837277274107073
320.1,18.79070078961812
320.15000000000003,20.586956935537135
320.20000000000005,20.67727667053666
320.25,22.363878219957712
320.3,19.58059247470936
320.35,20.41275684938315
320.40000000000003,18.97872903788151
320.45000000000005,20.272123192941653
320.5,20.840644344843152
320.55,19.81816835603094
320.6,16.45998778531505
320.65000000000003,20.782714083332813
320.70000000000005,20.900759566123533
320.75,18.86273272688026
320.8,17.705325401853806
320.85,23.276452289604972
320.90000000000003,21.357752254248375
320.95000000000005,19.966437168096654
321.0,18.19984025445362
321.05,18.87915000319998
321.1,23.176399012089863
321.15000000000003,20.894543664231115
321.20000000000005,19.565608320012636
321.25,21.73328281336625
321.3,19.13178723204557
321.35,23.808504432351125
321.40000000000003,23.5582078810439
321.45000000000005,19.964798964839556
321.5,19.68549696387326
321.55,15.751009680414322
321.6,18.068099654613725
321.65000000000003,18.39585151513521
321.70000000000005,21.388244625704196
321.75,20.508010705443326
321.8,18.511960899309422
321.85,20.681995452346094
321.90000000000003,22.296225730014356
321.95000000000005,22.381992614253527
322.0,17.56726877965287
322.05,21.149909136698824
322.1,18.679111028658422
322.15000000000003,23.28813460701312
322.20000000000005,23.091381254661233
322.25,19.764970208924094
322.3,20.066393995578547
322.35,20.71293202372226
322.40000000000003,17.166381549100688
322.45000000000005,22.379925910461523
322.5,21.1978392465223
322.55,23.71893338783166
322.6,19.616334353302065
322.65000000000003,20.608989735430487
322.70000000000005,18.867779845894482
322.75,19.905354481631253
322.8,19.58258602716303
322.85,23.970619617358356
322.90000000000003,20.61377731615682
322.95000000000005,22.289786353062976
323.0,21.310546082386892
323.05,19.563282940417636
323.1,21.795254641932075
323.15000000000003,23.35920437762554
323.20000000000005,19.774120159162855
323.25,23.83600357443125
323.3,20.5459718494975
323.35,21.306577041767667
323.40000000000003,23.36053671344762
323.45000000000005,20.998416987554165
323.5,22.426050024252238
323.55,21.74662074760761
323.6,22.659330560279333
323.65000000000003,17.66319748479001
323.70000000000005,18.78888120602942
323.75,23.703234984377865
323.8,24.56820593750568
323.85,20.694896933321658
323.90000000000003,22.049324972001678
323.95000000000005,23.14781472082222
324.0,23.965288260102703
324.05,18.54345677817505
324.1,20.846169654656617
324.15000000000003,21.97200993734944
324.20000000000005,24.06184653988283
324.25,27.670302659379097
324.3,22.234783100933708
324.35,19.893669046708624
324.40000000000003,23.528465352847114
324.45000000000005,25.381701093435066
324.5,22.970992457652947
324.55,20.956395529073635
324.6,24.69988194519482
324.65000000000003,24.124659137996137
324.70000000000005,20.758551823994228
324.75,23.586181528164037
324.8,24.82994879516975
324.85,25.210755134545575
324.90000000000003,22.72510396805266
324.95000000000005,22.152338852176328
325.0,25.333009668260182
325.05,20.467573268630144
325.1,23.773952615267973
325.15000000000003,20.165107603477814
325.20000000000005,25.043746871280355
325.25,22.404203005935152
325.3,25.464226079019408
325.35,23.916116189781636
325.40000000000003,20.492546443977936
325.45000000000005,25.79340343219311
325.5,26.051264101287618
325.55,24.717436410377672
325.6,21.433241548464167
325.65000000000003,22.347406980419322
325.70000000000005,23.25277047279875
325.75,21.556439727845277
325.8,26.349961321442848
325.85,23.25479177370057
325.90000000000003,17.559776256151387
325.95000000000005,23.644980245476486
326.0,22.269212748942213
326.05,22.81439592994756
326.1,22.22519433164574
326.15000000000003,24.574172403772664
326.20000000000005,25.196564106659125
326.25,23.51986633051423
326.3,22.271171591877284
326.35,22.862616067124975
326.40000000000003,22.979448838101604
326.45000000000005,21.32981135867094
326.5,24.08641338234143
326.55,23.841988321606426
326.6,25.995596833004313
326.65000000000003,25.417687853904276
326.70000000000005,21.52737584820089
326.75,24.530523482924224
326.8,20.97868490942654
326.85,24.262584961512815
326.90000000000003,21.82708585995475
326.95000000000005,20.802866014305824
327.0,23.39798636805816
327.05,17.476749998634922
327.1,19.31138738208444
327.15000000000003,22.445275116302327
327.20000000000005,22.951529240731773
327.25,22.03386187536456
327.3,19.59894784530848
327.35,21.10682555887483
327.40000000000003,23.509284946127384
327.45000000000005,23.874155624474966
327.5,22.661340897832854
327.55,24.990119538503347
327.6,23.45338121586601
327.65000000000003,21.14528197831194
327.70000000000005,22.06026681720647
327.75,19.796088383776343
327.8,22.365565263828607
327.85,24.78554045765428
327.90000000000003,23.91088946733714
327.95000000000005,25.322772828452308
328.0,21.89090408354034
328.05,25.166270806253554
328.1,22.06433641758973
328.15000000000003,25.370466471512447
328.20000000000005,22.3594128252607
328.25,23.792898474441596
328.3,25.30345008982224
328.35,21.94064082055496
328.40000000000003,22.738026725589986
328.45000000000005,24.852211123713516
328.5,21.981197231582307
328.55,19.577622976782017
328.6,26.477111281894043
328.65000000000003,21.22274449538248
328.70000000000005,22.450449388905355
328.75,24.415103111154696
328.8,20.85574410219284
328.85,20.026128922004798
328.90000000000003,22.517963950625358
328.95000000000005,18.39245402733565
329.0,21.370406099727937
329.05,22.40340210246228
329.1,21.340023735494217
329.15000000000003,18.75912579689609
329.20000000000005,24.99998233140501
329.25,21.983801245906122
329.3,24.603628696323067
329.35,21.18535372628119
329.40000000000003,19.909007530137885
329.45000000000005,22.17050337858401
329.5,21.163183402891075
329.55,19.201358243743236
329.6,24.45808190045259
329.65000000000003,20.235115229906732
329.70000000000005,17.759776637640996
329.75,24.056808072761044
329.8,20.351560722507298
329.85,20.103705413630582
329.90000000000003,17.747291566856784
329.95000000000005,24.71818181342082
330.0,18.615089800283474
330.05,21.26822360158095
330.1,22.933361995380594
330.15000000000003,21.907876502550675
330.20000000000005,20.90098142408115
330.25,17.57233343508978
330.3,19.311119860178614
330.35,21.260605466166265
330.40000000000003,19.264624406090665
330.45000000000005,21.199193356310147
330.5,22.108998932384004
330.55,22.623093024121374
330.6,18.197842822252387
330.65000000000003,24.99514878609744
330.70000000000005,22.08801307870738
330.75,20.500368110109488
330.8,22.633157681849795
330.85,25.134736001098275
330.90000000000003,17.475865828953026
330.95000000000005,19.85171775861284
331.0,15.493869997430892
331.05,20.584081756018023
331.1,20.877169503322
331.15000000000003,20.015217944033918
331.20000000000005,18.73119690272652
331.25,15.887519500244482
331.3,20.679464925169174
331.35,22.788682025367194
331.40000000000003,18.640760070186936
331.45000000000005,20.647471155935886
331.5,16.575189362238802
331.55,20.569605180995595
331.6,18.811691909847422
331.65000000000003,18.016476472276377
331.70000000000005,17.96302142011999
331.75,18.63854438817485
331.8,20.132237628722407
331.85,16.684234725241723
331.90000000000003,18.455109384689784
331.95000000000005,19.10676632142791
332.0,16.93159430159854
332.05,22.662561219730918
332.1,17.301395277829865
332.15000000000003,17.60826736590607
332.20000000000005,16.928881974520362
332.25,22.420418661556354
332.3,19.866835710195403
332.35,16.825016393334295
332.40000000000003,20.847449311909713
332.45000000000005,18.972782268938538
332.5,19.021905582540818
332.55,17.754075646159656
332.6,16.87944917960802
332.65000000000003,18.988686524533218
332.70000000000005,17.15747745222206
332.75,21.81528751308594
332.8,15.576947497248241
332.85,21.12122818845394
332.90000000000003,17.759295743387376
332.95000000000005,18.51275996528861
333.0,19.513197752256634
333.05,16.518318436251207
333.1,19.438892120904455
333.15000000000003,12.22653192879071
333.20000000000005,16.132513280998452
333.25,15.6548903296567
333.3,14.926180886670632
333.35,16.93311606557778
333.40000000000003,18.0640168765178
333.45000000000005,18.62698902019015
333.5,17.632238033325677
333.55,15.747579037087611
333.6,17.74514879354009
333.65000000000003,17.183508323733264
333.70000000000005,18.73454392433071
333.75,18.343475871174423
333.8,16.77740498743543
333.85,14.848477264737111
333.90000000000003,15.263298122425764
333.95000000000005,15.395521538303711
334.0,15.790158716984806
334.05,16.882075318544914
334.1,17.70130093119818
334.15000000000003,16.09338972927038
334.20000000000005,16.152251609912472
334.25,16.33069220483673
334.3,14.936051868348738
334.35,14.04056892484455
334.40000000000003,12.303679352885187
334.45000000000005,14.347171626013957
334.5,16.60639266526041
334.55,14.176629264770966
334.6,15.02891016630216
334.65000000000003,16.359183395885267
334.70000000000005,16.389223643529263
334.75,13.110032804370537
334.8,17.184203895142506
334.85,17.365507645425325
334.90000000000003,12.771568451324299
334.95000000000005,13.303796351777804
335.0,17.253597428522006
335.05,14.497401864187438
335.1,10.270995564671694
335.15000000000003,11.830383554060637
335.20000000000005,14.049957818294915
335.25,12.14132053173675
335.3,13.559028177809157
335.35,14.368902027934764
335.40000000000003,17.14661956334269
335.45000000000005,13.558973036036855
335.5,16.20250763131698
335.55,16.832263068852285
335.6,16.760459249880302
335.65000000000003,14.378227629258495
335.70000000000005,9.79880296028967
335.75,14.563481005680057
335.8,15.654871203953123
335.85,13.311970440320637
335.90000000000003,16.879101624087223
335.95000000000005,15.0252291954393
336.0,14.357538922484471
336.05,15.30898854986561
336.1,13.71800961442178
336.15000000000003,7.980502489241396
336.20000000000005,11.882512924235478
336.25,15.189610959831704
336.3,11.094396022863076
336.35,12.176760194832832
336.40000000000003,10.447984773507752
336.45000000000005,16.019283474864466
336.5,15.728035766973491
336.55,10.510760315326236
336.6,12.486379050655389
336.65000000000003,10.743920598029273
336.70000000000005,13.247767326794367
336.75,12.950060285305028
336.8,13.46677110167241
336.85,12.41971544871326
336.90000000000003,17.53906535277376
336.95000000000005,9.524638615941052
337.0,8.071374492401244
337.05,10.618360737135156
337.1,8.180392461630397
337.15000000000003,8.243143261153172
337.20000000000005,9.137011294756201
337.25,9.2067126292046
337.3,9.053184151215843
337.35,11.910071294104023
337.40000000000003,9.772354478681727
337.45000000000005,10.336691876222725
337.5,12.39506726680005
337.55,8.984732677188925
337.6,9.89896030686011
337.65000000000003,11.070147874875978
337.70000000000005,6.365972573873086
337.75,5.3896849573635555
337.8,10.762029014953924
337.85,10.964034937096917
337.90000000000003,14.018575355569748
337.95000000000005,10.116373293665177
338.0,11.34963423349354
338.05,9.229106624454403
338.1,10.12433237734797
338.15000000000003,12.774149603968322
338.20000000000005,5.101343287490793
338.25,10.086192511648804
338.3,13.439705650554984
338.35,9.642116994483558
338.40000000000003,12.288658069464951
338.45000000000005,7.63850170037101
338.5,8.742198183846847
338.55,8.782666111283643
338.6,4.189717487304534
338.65000000000003,6.197789376802856
338.70000000000005,6.2496057470163
338.75,9.9966674596824
338.8,10.005992472905353
338.85,8.818884698141183
338.90000000000003,9.728120781600332
338.95000000000005,7.660699989656423
339.0,10.301929658767436
339.05,7.824697409359016
339.1,7.831892542594596
339.15000000000003,7.094015840370448
339.20000000000005,8.903134469812606
339.25,6.600867047012401
339.3,9.305160364398962
339.35,4.997037024730005
339.40000000000003,4.972548257771695
339.45000000000005,8.45429049801837
339.5,6.811418529092626
339.55,5.989810832674795
339.6,8.586815554814237
339.65000000000003,5.501306382190418
339.70000000000005,6.224581490731042
339.75,9.332623325031047
339.8,9.52166714190724
339.85,9.49742845432185
339.90000000000003,5.6976675746393886
339.95000000000005,8.632652492311292
340.0,4.182711982244391
340.05,4.176229182363992
340.1,1.1985897905148342
340.15000000000003,9.154756659018057
340.20000000000005,3.9906344317043594
340.25,5.375160873827769
340.3,3.7172701892601374
340.35,6.838006047122279
340.40000000000003,4.606231638738964
340.45000000000005,2.6577582096700745
340.5,6.060682651547735
340.55,2.2199383833157023
340.6,3.3227061371223483
340.65000000000003,0.6939396192776677
340.70000000000005,1.9700858446153204
340.75,5.085431435100279
340.8,0.7097616913287164
340.85,1.587095466922988
340.90000000000003,4.455297533167929
340.95000000000005,3.2835681392547977
341.0,8.265702694316554
341.05,7.860373730544378
341.1,2.3677934462849146
341.15000000000003,5.1290806428730145
341.20000000000005,5.424649630504435
341.25,2.642520754690449
341.3,0.7579069533448797
341.35,3.6360250344917033
341.40000000000003,3.2266855821093
341.45000000000005,2.612728760013252
341.5,4.280900858718879
341.55,1.806948536453872
341.6,0.9166872471161964
341.65000000000003,3.3512595331698343
341.70000000000005,3.817584371283362
341.75,0.6050469109201084
341.8,4.727355317807042
341.85,-0.7568035423641137
341.90000000000003,1.5410664390903737
341.95000000000005,2.0945635290123934
342.0,1.2515756678821173
342.05,1.3075024997393878
342.1,6.093533231510672
342.15000000000003,0.5635399692078655
342.20000000000005,7.06184111621359
342.25,2.9679089707654285
342.3,2.1921942035594406
342.35,2.875166481474527
342.40000000000003,6.897318986507307
342.45000000000005,-0.2347664108379095
342.5,-0.5732792192718068
342.55,0.07314466497876237
342.6,1.5626697033586765
342.65000000000003,-2.03746409492116
342.70000000000005,1.3746422430027312
342.75,4.633136963795202
342.8,1.4651321803436967
342.85,0.49341938730438983
342.90000000000003,-0.24085705958243375
342.95000000000005,2.7093638158445814
343.0,-0.8222431366720271
343.05,4.439504073371149
343.1,4.530931741897017
343.15000000000003,1.0954264099577955
343.20000000000005,0.4768221016835227
343.25,2.479316592850588
343.3,2.5259582340001336
343.35,-1.3570361164971934
343.40000000000003,-0.8793526465914767
343.45000000000005,-2.55190053581475
343.5,0.8301896323706777
343.55,1.2648119080697426
343.6,-2.8485655443302873
343.65000000000003,-1.1391470553759167
343.70000000000005,-3.003054411295739
343.75,-2.1857036799630594
343.8,0.6346146110733397
343.85,-2.0134548868075735
343.90000000000003,-1.226967545449457
343.95000000000005,-3.958515460945593
344.0,-0.40823731913422145
344.05,-0.9488373581570052
344.1,-2.3960273436916433
344.15000000000003,-1.3936986228664445
344.20000000000005,-0.732382437141755
344.25,-2.7997495961293897
344.3,-4.199316373510811
344.35,2.2878447332581393
344.40000000000003,-2.6660952348724933
344.45000000000005,-1.6690465742279004
344.5,0.47044769327976654
344.55,5.431446290348881
344.6,-4.190794239604678
344.65000000000003,-0.8770471776296531
344.70000000000005,-3.2664075297802393
344.75,-3.0032041054325718
344.8,-3.440085368049852
344.85,-4.324724509399032
344.90000000000003,-2.229464104185091
344.95000000000005,-5.169065277428382
345.0,-0.39933318162757203
345.05,-2.25553893114745
345.1,-1.5929776278639949
345.15000000000003,-3.4422320706242653
345.20000000000005,-3.3159727277009026
345.25,-2.0778480540521667
345.3,-5.05218739623728
345.35,-3.51087481493555
345.40000000000003,-4.58462463832425
345.45000000000005,-4.716733064595417
345.5,-7.225162261056152
345.55,-0.39641379254974307
345.6,-4.517414893275778
345.65000000000003,-0.8865433010287331
345.70000000000005,-1.1443548038552525
345.75,-5.9222673246932
345.8,-5.595101713495101
345.85,1.6350340278803985
345.90000000000003,-0.05149244360307126
345.95000000000005,-3.683432065527241
346.0,-3.1723763162267318
346.05,-5.015218125113968
346.1,-2.954896519392376
346.15000000000003,-5.319714771984249
346.20000000000005,-8.015478489176092
346.25,-6.658972081470799
346.3,-4.038432726448393
346.35,-6.40717719820533
346.40000000000003,-4.343687596511966
346.45000000000005,-6.422208780168075
346.5,-5.901011354417044
346.55,-2.6930511742604972
346.6,-3.9671591528677483
346.65000000000003,-4.543846466847124
346.70000000000005,-2.828644718630958
346.75,-3.6870669504641587
346.8,-1.8165242441624376
346.85,-5.690390061177453
346.90000000000003,-5.690615045127794
346.95000000000005,-7.4938888533439325
347.0,-5.80960752616694
347.05,-3.081731487588448
347.1,-2.4705700240539445
347.15000000000003,-3.2088551443080444
347.20000000000005,-8.776416075143135
347.25,-3.079953876357787
347.3,-8.981137572647874
347.35,-3.5653647521270533
347.40000000000003,-6.154309581048347
347.45000000000005,-4.070456102662085
347.5,-8.196841744283308
347.55,-3.245671275097333
347.6,-8.573655775982292
347.65000000000003,-7.035953195699207
347.70000000000005,-7.750206180958269
347.75,-9.317195776513804
347.8,-5.67381482656578
347.85,-2.3045695323845967
347.90000000000003,-0.6364482338281124
347.95000000000005,-5.829090326107826
348.0,-3.8428141093468358
348.05,-5.6643929249007945
348.1,-5.182851397975508
348.15000000000003,-6.9165800041482415
348.20000000000005,-5.893422394006337
348.25,-5.259540327072502
348.3,-7.541965973325337
348.35,-6.5902105431752185
348.40000000000003,-6.601883645843444
348.45000000000005,-4.881643709702617
348.5,-8.71556664037993
348.55,-6.735263518085912
348.6,-2.8564704558150775
348.65000000000003,-4.400291694060786
348.70000000000005,-4.077621369650337
348.75,-6.77434305005554
348.8,-6.228156072959772
348.85,-4.9124767640886065
348.90000000000003,-3.843397060615184
348.95000000000005,-10.914896485823766
349.0,-9.692538003010311
349.05,-4.497567177605042
349.1,-7.734795060021821
349.15000000000003,-8.607460230796558
349.20000000000005,-9.888271601096102
349.25,-8.661673957978186
349.3,-10.617666178504335
349.35,-4.028500417218611
349.40000000000003,-8.849963623693766
349.45000000000005,-9.782501099248538
349.5,-9.692242507353882
349.55,-10.548861990288287
349.6,-12.62592883142388
349.65000000000003,-14.842610552599863
349.70000000000005,-21.077495226864926
349.75,-23.44553489298484
349.8,-24.341350681411953
349.85,-29.700990883637466
349.90000000000003,-30.89096488482216
349.95000000000005,-31.548283788096054
350.0,-31.308091859476857
350.05,-35.976024336204354
350.1,-29.600962525200085
350.15000000000003,-29.33821422027424
350.20000000000005,-24.763903100155932
350.25,-21.670193673653937
350.3,-17.049081099164795
350.35,-14.806905651873471
350.40000000000003,-12.423371840743098
350.45000000000005,-10.259873344938761
350.5,-11.034151307663329
350.55,-10.425595172056882
350.6,-7.957674753381064
350.65000000000003,-7.71959670095479
350.70000000000005,-9.478982151234762
350.75,-7.864768423990698
350.8,-8.647770074961313
350.85,-10.244365028763955
350.90000000000003,-5.9474286984395
350.95000000000005,-8.428244238607954
351.0,-4.461279973600776
351.05,-11.834570311832099
351.1,-9.724215049922744
351.15000000000003,-8.573275350423907
351.20000000000005,-6.39184774756723
351.25,-7.8955818233298585
351.3,-8.10120317640291
351.35,-11.003964467696782
351.40000000000003,-11.090245026827066
351.45000000000005,-8.157906864181058
351.5,-11.557307904698197
351.55,-9.918656290721918
351.6,-7.878496309189734
351.65000000000003,-10.870035446041518
351.70000000000005,-5.7193572281785965
351.75,-6.506505639603161
351.8,-12.121155056366632
351.85,-10.866622486793817
351.90000000000003,-13.596628310148292
351.95000000000005,-10.613079935437074
352.0,-7.537573920713406
352.05,-9.920225419469636
352.1,-8.192557446769332
352.15000000000003,-12.18016946535117
352.20000000000005,-7.5605324849554885
352.25,-10.287317677791865
352.3,-9.173010956650913
352.35,-9.40298612071658
352.40000000000003,-11.779857496754408
352.45000000000005,-11.562089855575728
352.5,-7.3391312678721246
352.55,-8.495174074631967
352.6,-7.211138570261717
352.65000000000003,-8.679639452700808
352.70000000000005,-9.06033587421695
352.75,-12.815342510776055
352.8,-9.9207026821676
352.85,-9.451030822736106
352.90000000000003,-5.505986565533601
352.95000000000005,-8.05387338991843
353.0,-6.370897935807141
353.05,-8.262827542904741
353.1,-10.89504214773149
353.15000000000003,-9.25237117361261
353.20000000000005,-9.02800850356389
353.25,-11.392256524888614
353.3,-10.295864263581333
353.35,-9.951423310980422
353.40000000000003,-6.341106327894181
353.45000000000005,-13.725941752880216
353.5,-7.164597808369782
353.55,-11.461259520379222
353.6,-12.342923508231761
353.65000000000003,-7.249639884256236
353.70000000000005,-8.15615120388643
353.75,-7.120998598028056
353.8,-8.03838752055863
353.85,-5.529524882368105
353.90000000000003,-8.54086005920795
353.95000000000005,-9.980026044120972
354.0,-8.989654156649307
354.05,-7.19667769834259
354.1,-11.250150451793992
354.15000000000003,-11.002637007644953
354.20000000000005,-10.323917515044023
354.25,-13.921979749720453
354.3,-9.44315446003298
354.35,-13.497747717101664
354.40000000000003,-9.625234086603411
354.45000000000005,-8.006320451567605
354.5,-10.695886475548102
354.55,-6.392823248013556
354.6,-12.672667583316098
354.65000000000003,-7.373446111049999
354.70000000000005,-8.409687490280003
354.75,-13.195716225976799
354.8,-4.345444826792361
354.85,-9.897604845576515
354.90000000000003,-11.527861920723746
354.95000000000005,-12.589548230900586
355.0,-10.217591848435843
355.05,-10.034255113095655
355.1,-9.575741159069077
355.15000000000003,-10.377922310849813
355.20000000000005,-8.516885769104462
355.25,-10.559312740904
355.3,-13.654409990515187
355.35,-10.083347133081073
355.40000000000003,-14.519437262716067
355.45000000000005,-9.076515671935546
355.5,-11.741951282584447
355.55,-9.455644669798964
355.6,-7.152952413926917
355.65000000000003,-11.677060986577008
355.70000000000005,-7.655238313244178
355.75,-10.642445017827137
355.8,-6.266920970514368
355.85,-10.500991954425189
355.90000000000003,-11.448782153843466
355.95000000000005,-8.390163887415216
356.0,-10.632801863383058
356.05,-11.440441929574417
356.1,-10.709283862459609
356.15000000000003,-9.83862113951302
356.20000000000005,-7.060596283306598
356.25,-13.608426976395503
356.3,-9.689133498933934
356.35,-8.480281283272271
356.40000000000003,-9.337737245388146
356.45000000000005,-7.099204198839402
356.5,-9.861681521325865
356.55,-10.07590822388971
356.6,-8.515720858147787
356.65000000000003,-9.495089060605702
356.70000000000005,-10.467635031085626
356.75,-8.647396474216446
356.8,-10.977376291748394
356.85,-10.887079341485672
356.90000000000003,-10.712890629277767
356.95000000000005,-6.942716074543074
357.0,-16.082615230053904
357.05,-8.840891347556207
357.1,-9.554832333541581
357.15000000000003,-12.976186349440141
357.20000000000005,-8.985845952294161
357.25,-8.644436311502968
357.3,-8.407091424346127
357.35,-14.88024652240009
357.40000000000003,-6.833825116906684
357.45000000000005,-11.031886054571885
357.5,-8.172883149192183
357.55,-8.053276511651973
357.6,-11.278025254469553
357.65000000000003,-8.192721922755872
357.70000000000005,-10.273444948563395
357.75,-13.633837527584511
357.8,-7.144034257427972
357.85,-11.01785539256949
357.90000000000003,-11.164814356050954
357.95000000000005,-10.249837930487828
358.0,-8.886930507406936
358.05,-9.533463749232322
358.1,-8.310131465592551
358.15000000000003,-12.07241207120715
358.20000000000005,-10.865201961404665
358.25,-9.599249335926547
358.3,-5.558138899595664
358.35,-9.568031418123372
358.40000000000003,-7.156291478168883
358.45000000000005,-9.235794390064822
358.5,-10.266232037672777
358.55,-9.778217219111738
358.6,-9.607307240540134
358.65000000000003,-8.048723890836644
358.70000000000005,-6.492190766161993
358.75,-8.507302196702048
358.8,-6.837614065664747
358.85,-11.126311655970063
358.90000000000003,-10.01081547250136
358.95000000000005,-10.614843607972475
359.0,-8.521897550615776
359.05,-9.85311810481573
359.1,-7.659938776349167
359.15000000000003,-10.965642411398798
359.20000000000005,-9.001604712022067
359.25,-7.6978541540887155
359.3,-13.18595680758086
359.35,-4.795750207972273
359.40000000000003,-9.588860763741087
359.45000000000005,-13.056065923899357
359.5,-8.673114660581383
359.55,-8.90562147127939
359.6,-9.11939503599164
359.65000000000003,-6.956216174590394
359.70000000000005,-7.426597170898345
359.75,-8.30852237222153
359.8,-7.986652393229269
359.85,-9.078273073820736
359.90000000000003,-5.301072939261708
359.95000000000005,-11.792853429481847
360.0,-8.53747543595531
360.05,-8.668959895583136
360.1,-7.154594047573547
360.15000000000003,-10.45092599140824
360.20000000000005,-12.232546840867286
360.25,-8.413461374071842
360.3,-8.146476911064576
360.35,-5.711496633454793
360.40000000000003,-11.21310651812393
360.45000000000005,-6.34461363005607
360.5,-3.90072528678742
360.55,-9.372573102718
360.6,-11.18035588868293
360.65000000000003,-9.393789460812869
360.70000000000005,-8.53314357450572
360.75,-7.414836388880548
360.8,-9.706408421385966
360.85,-5.394379253033875
360.90000000000003,-10.714951190198553
360.95000000000005,-11.94536232371999
361.0,-6.234554189975202
361.05,-12.978200018180818
361.1,-8.818162645121895
361.15000000000003,-2.1554505694631354
361.20000000000005,-8.395776555732711
361.25,-10.59407060500985
361.3,-8.448147645082296
361.35,-8.415745594591229
361.40000000000003,-7.9736116458283455
361.45000000000005,-6.951131601518771
361.5,-10.334606790048193
361.55,-4.861998393676776
361.6,-7.727561461812812
361.65000000000003,-6.744885248828019
361.70000000000005,-9.43544554274138
361.75,-5.587048263858186
361.8,-8.654577842122675
361.85,-7.56602547157813
361.90000000000003,-9.96799940608361
361.95000000000005,-10.076308824523059
362.0,-6.686697129488593
362.05,-8.930989703837874
362.1,-9.732098925263179
362.15000000000003,-9.291506818029776
362.20000000000005,-6.58793431775367
362.25,-9.22463171629235
362.3,-8.182598852529575
362.35,-7.897986199338846
362.40000000000003,-11.743514145094668
362.45000000000005,-10.831868061880453
362.5,-7.197884792697719
362.55,-9.325353287315018
362.6,-5.718729636313352
362.65000000000003,-5.879483264988533
362.70000000000005,-6.355713491139175
362.75,-4.13549814449533
362.8,-7.922251018002784
362.85,-6.439381099375737
362.90000000000003,-8.887063629270164
362.95000000000005,-2.7946848961109128
363.0,-3.7133689618427463
363.05,-7.63813761331604
363.1,-6.870041073958614
363.15000000000003,-4.905988380465031
363.20000000000005,-7.900289779584982
363.25,-8.900745391965936
363.3,-5.821065655587924
363.35,-7.393778129422577
363.40000000000003,-7.16634486560263
363.45000000000005,-9.182621388727766
363.5,-10.931237838896532
363.55,-7.005495563641275
363.6,-5.649817235239412
363.65000000000003,-7.893391928814297
363.70000000000005,-4.551034757539211
363.75,-8.813922134831566
363.8,-9.49777646213423
363.85,-7.505190666774065
363.90000000000003,-7.518364177857771
363.95000000000005,-5.795779047855073
364.0,-8.868270175899154
364.05,-4.564876621706152
364.1,-3.3500462957025703
364.15000000000003,-7.345079956302453
364.20000000000005,-4.750381289189972
364.25,-9.345907023559487
364.3,-5.065683048885477
364.35,-5.104891020406768
364.40000000000003,-5.4559933923111945
364.45000000000005,-7.1975265963388715
364.5,-13.058541049779663
364.55,-8.417252408224153
364.6,-8.369499226962064
364.65000000000003,-9.058162157437197
364.70000000000005,-6.841269272774265
364.75,-7.907904965743566
364.8,-8.703546550366687
364.85,-9.156390807261875
364.90000000000003,-8.45440983531846
364.95000000000005,-4.765106007006626
365.0,-8.315004147386865
365.05,-8.00781191684711
365.1,-7.876442864622043
365.15000000000003,-6.270308197489357
365.20000000000005,-6.021180082482746
365.25,-13.00851398899082
365.3,-4.861592111556769
365.35,-4.017929626864175
365.40000000000003,-8.97698519172023
365.45000000000005,-8.80730001997927
365.5,-7.749448426002984
365.55,-8.34733621837768
365.6,-6.374011060335212
365.65000000000003,-10.70160378803548
365.70000000000005,-9.031250283208633
365.75,-3.703997617465002
365.8,-8.625985643828416
365.85,-4.2700012142085555
365.90000000000003,-6.033653427269269
365.95000000000005,-10.350498886575934
366.0,-5.449101888278659
366.05,-6.94305646541509
366.1,-7.606783882609917
366.15000000000003,-6.1942313723916955
366.20000000000005,-5.723343795492885
366.25,-5.246063276410329
366.3,-4.29354983818714
366.35,-5.822766279876852
366.40000000000003,-9.3794643010257
366.45000000000005,-7.564821975809751
366.5,-0.7209477056681681
366.55,-5.147755395754589
366.6,-1.848037312075956
366.65000000000003,-3.7858008218070585
366.70000000000005,-6.083305995508533
366.75,-5.954522622011068
366.8,-6.621110311420349
366.85,-10.014361143089618
366.90000000000003,-6.493648644142716
366.95000000000005,-4.099576173691013
367.0,-7.711579609860024
367.05,-5.679961480612426
367.1,-4.792448053400252
367.15000000000003,-8.30694977450451
367.20000000000005,-7.382350721195506
367.25,-8.507922663033328
367.3,-8.10898541022126
367.35,-9.032620321530398
367.40000000000003,-8.251264479513907
367.45000000000005,-3.6046174304213148
367.5,-8.267848690730595
367.55,-6.17754779769262
367.6,-7.429982251452391
367.65000000000003,-4.060499410447374
367.70000000000005,-3.790102375638367
367.75,-4.6786929292599355
367.8,-5.7891810334403395
367.85,-6.858398846432399
367.90000000000003,-8.775072251288535
367.95000000000005,-2.499522622335837
368.0,-7.901399452102066
368.05,-5.050450248012766
368.1,-4.254518803141802
368.15000000000003,-7.480336400888003
368.20000000000005,-4.290095219193594
368.25,-4.834259081713173
368.3,-2.903544303791096
368.35,-7.295173572922478
368.40000000000003,-8.92544041116519
368.45000000000005,-7.362147570593977
368.5,-5.931141463656756
368.55,-6.230329232625208
368.6,-7.13176309331306
368.65000000000003,-10.16164211910884
368.70000000000005,-5.40086918985838
368.75,-2.3959630632176467
368.8,-5.411196003972492
368.85,-5.120704265279118
368.90000000000003,-5.193592606784148
368.95000000000005,-5.544129599194482
369.0,-4.474863224226356
369.05,-5.54765319203912
369.1,-6.964194129200969
369.15000000000003,-7.931491329269444
369.20000000000005,-6.838369651090078
369.25,-5.7133079020401185
369.3,-6.975113689087567
369.35,-5.715888167417178
369.40000000000003,-5.468120488571601
369.45000000000005,-4.682155114725378
369.5,-3.785255786427436
369.55,-6.197401669045787
369.6,-8.971779945702991
369.65000000000003,-7.049485321309632
369.70000000000005,-6.274442766210537
369.75,-10.037637088896927
369.8,-3.592543537921433
369.85,-6.089131487446027
369.90000000000003,-5.615438499864347
369.95000000000005,-3.6515905949519665
370.0,-7.647671380614334
370.05,-5.244287245853059
370.1,-6.617328248378258
370.15000000000003,-6.7712464409703195
370.20000000000005,-7.953174283104503
370.25,-3.083544244669334
370.3,-7.17195653152127
370.35,-5.028478585057104
370.40000000000003,-10.184117545352219
370.45000000000005,-4.081066665146302
370.5,-4.343807810293846
370.55,-6.260793906383518
370.6,-6.917224817139377
370.65000000000003,-5.671263513155651
370.70000000000005,-1.9018518347742077
370.75,-10.01432227259534
370.8,-4.932455979924677
370.85,-8.328653460077682
370.90000000000003,-6.554410010304513
370.95000000000005,-7.019734102299443
371.0,-7.390257316372208
371.05,-6.564444273837063
371.1,-8.821995770108398
371.15000000000003,-4.505678272950597
371.20000000000005,-10.162957970474167
371.25,-5.5060197803084625
371.3,-7.249744324157874
371.35,-8.949892057697415
371.40000000000003,-6.214890882802519
371.45000000000005,-9.74542070172848
371.5,-6.564197169489164
371.55,-9.501730105789619
371.6,-5.746028586155779
371.65000000000003,-8.530128651265738
371.70000000000005,-7.596487771514539
371.75,-6.119930981361573
371.8,-8.266487991632808
371.85,-6.851149475934739
371.90000000000003,-9.776943575211963
371.95000000000005,-5.501835521149038
372.0,-3.24830598688259
372.05,-1.2085050828809933
372.1,-6.625617716744781
372.15000000000003,-5.246818492656898
372.20000000000005,-10.399992041740735
372.25,-3.8490266897778653
372.3,-5.318033254082859
372.35,-7.85459188176487
372.40000000000003,-4.428837441956105
372.45000000000005,-7.4288640666489405
372.5,-7.852913450858519
372.55,-6.003382169292127
372.6,-9.098187164899839
372.65000000000003,-4.945891419986005
372.70000000000005,-9.119019406098698
372.75,-9.125283639524275
372.8,-8.862922735593092
372.85,-5.543146363858344
372.90000000000003,-8.314533966096727
372.95000000000005,-9.796044465764425
373.0,-8.330714709380786
373.05,-7.202972713534292
373.1,-9.520596927040293
373.15000000000003,-9.4820081479253
373.20000000000005,-2.9762764552197094
373.25,-8.94045157194893
373.3,-7.886084797180524
373.35,-7.9953802012135275
373.40000000000003,-8.124751973281665
373.45000000000005,-6.060702210812851
373.5,-5.4286914377408575
373.55,-7.958691287985001
373.6,-9.841766629406738
373.65000000000003,-4.842178867071233
373.70000000000005,-7.604211480605461
373.75,-3.975575409995313
373.8,-11.950299383104422
373.85,-7.0914475247500945
373.90000000000003,-3.6683845179418824
373.95000000000005,-8.235684505631944
374.0,-8.003916936559062
374.05,-6.985894327093983
374.1,-8.718709676696548
374.15000000000003,-8.24967386685627
374.20000000000005,-8.325782700975159
374.25,-8.92982593214147
374.3,-5.242311633321339
374.35,-6.803116122281993
374.40000000000003,-7.24946920567408
374.45000000000005,-6.159242000303475
374.5,-8.330957701499571
374.55,-9.376718169544318
374.6,-9.059824900861607
374.65000000000003,-7.877475998015184
374.70000000000005,-10.026130068608268
374.75,-8.93509077752681
374.8,-8.993860363867169
374.85,-3.7397679066253264
374.90000000000003,-13.563957174551398
374.95000000000005,-8.4032059847974
375.0,-4.620409184094932
375.05,-7.856127696104914
375.1,-6.621189790554534
375.15000000000003,-7.956767095150665
375.20000000000005,-9.519666952345855
375.25,-12.697596586991331
375.3,-7.831800507623378
375.35,-9.823053447794067
375.40000000000003,-9.90181914390844
375.45000000000005,-9.328609201031272
375.5,-4.870575011798616
375.55,-3.5804611545902763
375.6,-7.985732541482426
375.65000000000003,-9.379867276280516
375.70000000000005,-10.835140766698089
375.75,-7.574131846337815
375.8,-4.976092770112675
375.85,-9.06744252325307
375.90000000000003,-13.361775988947514
375.95000000000005,-7.294869488700643
376.0,-6.695515474670204
376.05,-11.869511744026568
376.1,-8.376515508640681
376.15000000000003,-7.858851436579254
376.20000000000005,-8.93949216572077
376.25,-10.406946299215765
376.3,-6.825808013089436
376.35,-9.696869331392225
376.40000000000003,-11.893057191381645
376.45000000000005,-13.054354765428915
376.5,-6.46657182522841
376.55,-7.7879503551453375
376.6,-8.878479244438134
376.65000000000003,-9.968262434201813
376.70000000000005,-10.179133792861538
376.75,-11.306169226001714
376.8,-10.051299509857442
376.85,-13.462386423583272
376.90000000000003,-10.728292695775512
376.95000000000005,-9.912121569797616
377.0,-8.104693461664354
377.05,-9.438637478519805
377.1,-7.803391390861997
377.15000000000003,-6.729540629016078
377.20000000000005,-7.346162097131801
377.25,-8.556290320120368
377.3,-9.508506719460248
377.35,-11.528842527457078
377.40000000000003,-8.122523236389249
377.45000000000005,-6.278169813706153
377.5,-8.988812152133889
377.55,-5.8739699950804924
377.6,-12.795198157921387
377.65000000000003,-12.088048322078238
377.70000000000005,-8.105083669511963
377.75,-9.322767669409844
377.8,-7.259739353584322
377.85,-9.954294747321576
377.90000000000003,-11.695440131861915
377.95000000000005,-10.42290156356619
378.0,-13.097394684438
378.05,-12.325603513131725
378.1,-8.160011236455627
378.15000000000003,-8.395880980179513
378.20000000000005,-9.452081188752024
378.25,-13.656953973481432
378.3,-10.968388321961127
378.35,-12.738434086840542
378.40000000000003,-7.972289663685469
378.45000000000005,-11.529788838250607
378.5,-12.570892736778683
378.55,-10.376919870634861
378.6,-11.753995930482844
378.65000000000003,-7.543431722784934
378.70000000000005,-12.017829346830997
378.75,-13.384005324414394
378.8,-14.928768092561292
378.85,-10.721955068997909
378.90000000000003,-11.821729782253735
378.95000000000005,-13.593210476515711
379.0,-8.394521992130748
379.05,-9.476097929115621
379.1,-10.90467465784144
379.15000000000003,-8.157272155368554
379.20000000000005,-9.598571082222467
379.25,-12.607103905591226
379.3,-13.077609511915819
379.35,-9.401008976950514
379.40000000000003,-10.282064501287163
379.45000000000005,-10.77315035229516
379.5,-12.843507746285548
379.55,-9.97249968334397
379.6,-12.737289324800965
379.65000000000003,-11.468173306934892
379.70000000000005,-8.408229469806338
379.75,-12.661710946267933
379.8,-14.52395026386797
379.85,-13.520997581594402
379.90000000000003,-9.465236770117963
379.95000000000005,-10.982300750850222
380.0,-11.787441355199478
380.05,-12.585790339132645
380.1,-10.634789185839388
380.15000000000003,-13.341612695396842
380.20000000000005,-11.069951142059182
380.25,-13.181653565039474
380.3,-13.552305772243628
380.35,-13.069782431413428
380.40000000000003,-12.583418555805139
380.45000000000005,-11.96803252775628
380.5,-11.437201097555155
380.55,-19.322551284229576
380.6,-13.598795551174714
380.65000000000003,-12.804271380684304
380.70000000000005,-9.048605126687391
380.75,-14.256290514414943
380.8,-11.808203995828597
380.85,-9.181201909151563
380.90000000000003,-14.834615765812021
380.95000000000005,-11.458092827688727
381.0,-13.88789742965069
381.05,-13.329875147526009
381.1,-13.964024158166813
381.15000000000003,-13.858650365431966
381.20000000000005,-6.988180644699442
381.25,-10.780095822190516
381.3,-10.30246540075052
381.35,-11.558816137114789
381.40000000000003,-15.792104597019694
381.45000000000005,-11.826386404755427
381.5,-10.507075348564523
381.55,-14.396284154624688
381.6,-10.795298386477095
381.65000000000003,-11.353659187950814
381.70000000000005,-9.094542263774612
381.75,-13.670387468417653
381.8,-15.066148326753202
381.85,-13.630190812503503
381.90000000000003,-10.071701635130987
381.95000000000005,-16.63546268998877
382.0,-17.151105427899356
382.05,-12.871159752397832
382.1,-13.97061593612604
382.15000000000003,-13.105356814364711
382.20000000000005,-11.265450001190295
382.25,-14.296356355026942
382.3,-16.972254103851217
382.35,-9.17218225140544
382.40000000000003,-15.290380494433396
382.45000000000005,-15.44864983349627
382.5,-11.15765783538028
382.55,-14.168466470141794
382.6,-13.560523878985991
382.65000000000003,-12.502282946454562
382.70000000000005,-11.334676573555424
382.75,-14.202601811313942
382.8,-10.529469614529328
382.85,-17.874519579679557
382.90000000000003,-12.116742218897528
382.95000000000005,-15.348616676686717
383.0,-10.95810935739491
383.05,-13.451496532355227
383.1,-15.114170232826147
383.15000000000003,-12.475289553616669
383.20000000000005,-12.04704282370159
383.25,-12.581912176996788
383.3,-15.957204454384087
383.35,-14.897785947491426
383.40000000000003,-13.96966280064984
383.45000000000005,-14.075625090716708
383.5,-12.525024261862985
383.55,-18.08554541262655
383.6,-13.41813242407008
383.65000000000003,-14.697606225474992
383.70000000000005,-15.825312681986146
383.75,-15.663761442186031
383.8,-14.638145717960775
383.85,-21.44132672955461
383.90000000000003,-15.671622992619112
383.95000000000005,-16.050359603477936
384.0,-13.262645990427036
384.05,-15.968542164764024
384.1,-14.816784315769235
384.15000000000003,-11.33086049534836
384.20000000000005,-12.455354465822028
384.25,-12.667942785434478
384.3,-15.500440462338053
384.35,-13.442620612516956
384.40000000000003,-15.024247517971318
384.45000000000005,-14.97617988984741
384.5,-13.791936773161314
384.55,-15.832378711979848
384.6,-11.679237131095793
384.65000000000003,-15.012120808992076
384.70000000000005,-13.481519633366021
384.75,-11.833180757860305
384.8,-12.706973507184236
384.85,-17.613774673282744
384.90000000000003,-13.93155385038531
384.95000000000005,-13.14506748156639
385.0,-13.087690017908065
385.05,-17.122662395499805
385.1,-16.23454445896657
385.15000000000003,-12.955501090855442
385.20000000000005,-16.492021935905857
385.25,-15.591514737962292
385.3,-11.863727984876812
385.35,-15.13416839260167
385.40000000000003,-16.514939532112813
385.45000000000005,-16.839176187930498
385.5,-14.440779671071368
385.55,-17.794515635407375
385.6,-15.64461506941152
385.65000000000003,-14.504925641541707
385.70000000000005,-12.594248507969365
385.75,-13.87832912364757
385.8,-16.66214619294916
385.85,-12.897479380694163
385.90000000000003,-15.873359394545528
385.95000000000005,-17.765453780225656
386.0,-15.657553862454936
386.05,-12.45625902855692
386.1,-15.02094439482411
386.15000000000003,-15.344906515796634
386.20000000000005,-12.11374930843986
386.25,-18.268799178109287
386.3,-17.994897070405667
386.35,-18.67269156467033
386.40000000000003,-14.712690413066484
386.45000000000005,-15.141675049492068
386.5,-12.405547423762961
386.55,-15.020111189109182
386.6,-16.331097182583246
386.65000000000003,-15.534592989289573
386.70000000000005,-15.317844148105916
386.75,-18.91153219910146
386.8,-10.161769499102315
386.85,-14.556784416986874
386.90000000000003,-15.190272106651555
386.95000000000005,-14.39338971364913
387.0,-14.21798946848778
387.05,-15.93067504613802
387.1,-16.924468013411815
387.15000000000003,-14.475161189055846
387.20000000000005,-14.914375003465867
387.25,-17.316966467231918
387.3,-12.870158264819448
387.35,-15.132220452416044
387.40000000000003,-14.26963085492285
387.45000000000005,-12.955421086213795
387.5,-15.70512495296088
387.55,-15.124283003672204
387.6,-14.147059901891371
387.65000000000003,-17.22540511030665
387.70000000000005,-15.675787660428009
387.75,-15.54063962645329
387.8,-17.71133579122867
387.85,-11.171061391072476
387.90000000000003,-18.627670860224526
387.95000000000005,-18.415671855425803
388.0,-13.197020401195132
388.05,-14.404578359154788
388.1,-17.888303995506583
388.15000000000003,-14.626684424140317
388.20000000000005,-12.910072668883155
388.25,-15.91043222054978
388.3,-10.656012739401397
388.35,-19.305152943624257
388.40000000000003,-14.4723700198186
388.45000000000005,-13.529563174051939
388.5,-14.08214878046342
388.55,-16.275377112285305
388.6,-16.44898857148246
388.65000000000003,-14.980864637077449
388.70000000000005,-14.23830336650295
388.75,-14.665129397339854
388.8,-13.789829584161216
388.85,-17.90715815318078
388.90000000000003,-16.324035475347845
388.95000000000005,-17.747201707121935
389.0,-16.63767142725642
389.05,-13.832878504644327
389.1,-15.644823931439994
389.15000000000003,-10.644140709070896
389.20000000000005,-15.467708063828402
389.25,-15.731392038875688
389.3,-15.634256956817493
389.35,-17.117677942049227
389.40000000000003,-15.952761094179852
389.45000000000005,-13.576127484690629
389.5,-15.597965048979454
389.55,-17.406614705171762
389.6,-17.663238214048064
389.65000000000003,-16.70643022201217
389.70000000000005,-15.650839660529728
389.75,-13.403515078187134
389.8,-18.463367501740017
389.85,-16.413324232686875
389.90000000000003,-15.475911438991044
389.95000000000005,-19.422380129261338
390.0,-17.412178580595405
390.05,-17.09434782589677
390.1,-17.315674560888112
390.15000000000003,-15.328691166185347
390.20000000000005,-16.02189835327054
390.25,-16.79923172872266
390.3,-14.820185264663312
390.35,-12.216981793116735
390.40000000000003,-12.371207751034847
390.45000000000005,-19.48142187703114
390.5,-14.46745867050502
390.55,-15.962940662901092
390.6,-15.281439981320268
390.65000000000003,-16.372738076398786
390.70000000000005,-15.324980086101473
390.75,-15.24089113896875
390.8,-16.684720552209807
390.85,-17.302225051374133
390.90000000000003,-16.38911535985012
390.95000000000005,-15.004999952384887
391.0,-14.256880077850731
391.05,-13.72908824348356
391.1,-16.40463822045895
391.15000000000003,-14.828598955738606
391.20000000000005,-13.450870181447936
391.25,-13.023829646738285
391.3,-15.451385469872081
391.35,-15.753839263851404
391.40000000000003,-14.907538619975353
391.45000000000005,-17.566568040665935
391.5,-15.631292388687799
391.55,-13.731374655694282
391.6,-13.912680662627745
391.65000000000003,-15.712690569394946
391.70000000000005,-14.711851974238463
391.75,-16.771274274574026
391.8,-13.689226361155582
391.85,-15.225642102714975
391.90000000000003,-15.595241898107917
391.95000000000005,-15.739677323881784
392.0,-15.114458655533435
392.05,-15.856417834163697
392.1,-13.615918205999229
392.15000000000003,-15.693862996661547
392.20000000000005,-11.68800901709856
392.25,-11.913707012816287
392.3,-16.59695514766563
392.35,-14.643748969549856
392.40000000000003,-16.053309157824213
392.45000000000005,-15.373678407898788
392.5,-10.683464584901273
392.55,-15.27094739742334
392.6,-13.902386287779533
392.65000000000003,-13.506778299209303
392.70000000000005,-16.55681087425392
392.75,-16.231423046589736
392.8,-16.89850556459258
392.85,-16.223179817658444
392.90000000000003,-20.115624968701063
392.95000000000005,-13.290275308324397
393.0,-10.234476853910161
393.05,-14.010196678061103
393.1,-17.1008988337861
393.15000000000003,-15.515986344722375
393.20000000000005,-15.109809422764563
393.25,-16.188397335581946
393.3,-12.39358467168109
393.35,-12.453702389698153
393.40000000000003,-16.344949222071683
393.45000000000005,-12.5432576104548
393.5,-10.89871964851995
393.55,-10.105705375007966
393.6,-8.13842642418484
393.65000000000003,-15.63041669043131
393.70000000000005,-8.13512407701367
393.75,-14.448664262493919
393.8,-14.881422389231176
393.85,-12.998140598501182
393.90000000000003,-14.771756222051774
393.95000000000005,-12.7644482925855
394.0,-16.157149281897574
394.05,-13.948514273291563
394.1,-10.853415130576288
394.15000000000003,-13.491829636406482
394.20000000000005,-13.047200434645163
394.25,-12.33211784933285
394.3,-10.893113562048928
394.35,-16.496247352940486
394.40000000000003,-11.967670932870655
394.45000000000005,-13.623479096710406
394.5,-12.703968176001888
394.55,-10.86694885464877
394.6,-15.324390535520799
394.65000000000003,-14.910037716284787
394.70000000000005,-16.703904686264103
394.75,-13.879223706432413
394.8,-10.067468122054443
394.85,-12.916500936005479
394.90000000000003,-15.30213770672308
394.95000000000005,-13.539375236040318
395.0,-15.489440346703162
395.05,-14.709358602796888
395.1,-11.62618922979369
395.15000000000003,-14.695986489024698
395.20000000000005,-10.066957110043614
395.25,-12.378026266015647
395.3,-12.00773132120838
395.35,-12.678377809881809
395.40000000000003,-10.518224482947433
395.45000000000005,-10.439466867576273
395.5,-11.277123696972094
395.55,-10.758680316944929
395.6,-12.253045481436374
395.65000000000003,-10.684650358867838
395.70000000000005,-12.384585925134488
395.75,-11.643726072662346
395.8,-12.136421889401475
395.85,-12.44010388210584
395.90000000000003,-12.842011377673037
395.95000000000005,-10.466118364653214
396.0,-8.717588612207106
396.05,-8.933490717703279
396.1,-13.72531321474754
396.15000000000003,-8.569859299714897
396.20000000000005,-11.720261580890098
396.25,-9.81775539383471
396.3,-12.766527980178417
396.35,-10.604613818119784
396.40000000000003,-10.195205458171014
396.45000000000005,-13.725542862798992
396.5,-9.473085124794078
396.55,-7.930641808478501
396.6,-10.904307752902108
396.65000000000003,-7.766784808421956
396.70000000000005,-10.798227954950862
396.75,-8.65100402939535
396.8,-14.718258926067765
396.85,-5.3741246888675915
396.90000000000003,-7.1509419500050715
396.95000000000005,-10.640906188216073
397.0,-13.945250142466854
397.05,-9.35405407373929
397.1,-12.7466240961716
397.15000000000003,-8.89735326517853
397.20000000000005,-8.891843080150219
397.25,-11.525323585066591
397.3,-7.327756206395225
397.35,-7.885345877160349
397.40000000000003,-7.471287421504547
397.45000000000005,-9.331293064681256
397.5,-12.105768339706444
397.55,-7.244326565290203
397.6,-9.665805810528212
397.65000000000003,-11.829258045248972
397.70000000000005,-6.26989847947948
397.75,-4.699088207310159
397.8,-8.903974022244075
397.85,-4.426460361216218
397.90000000000003,-8.484950436833218
397.95000000000005,-9.351023187017974
398.0,-9.77321599227585
398.05,-5.159980169339278
398.1,-9.915938837268227
398.15000000000003,-6.806280738865425
398.20000000000005,-9.315979531596879
398.25,-9.038764146514064
398.3,-5.977818305037104
398.35,-8.71822883892483
398.40000000000003,-8.687255825802415
398.45000000000005,-5.531240161327828
398.5,-4.520916142188291
398.55,-6.344871110591736
398.6,-8.862011218960896
398.65000000000003,-8.491592740359643
398.70000000000005,-7.228134588248491
398.75,-6.663381857018139
398.8,-9.197940363492453
398.85,-5.692791144297199
398.90000000000003,-6.884192997602591
398.95000000000005,-10.402685330535158
399.0,-8.744869361680362
399.05,-7.810722393162946
399.1,-6.863332310935417
399.15000000000003,-2.8539167747447056
399.20000000000005,-6.070697051916964
399.25,-8.142858943151108
399.3,-5.934041603216022
399.35,-6.993181666877598
399.40000000000003,-5.55290994069065
399.45000000000005,-4.954430970652673
399.5,-3.609967055396089
399.55,-5.98958784277955
399.6,-2.5754072238798846
399.65000000000003,-3.949325750407242
399.70000000000005,-7.092024786025275
399.75,-1.1689432790513123
399.8,-4.845911272928027
399.85,-7.0811342653911495
399.90000000000003,-2.015785888943396
399.95000000000005,-1.0765278503962996
400.0,-5.208351404931459
400.05,-6.059568626452572
400.1,-5.306737176742781
400.15000000000003,-3.4419974593830407
400.20000000000005,-2.2249783339152125
400.25,-3.548707381200888
400.3,-4.394988298535536
400.35,-1.5109287369025055
400.40000000000003,-5.040910302577738
400.45000000000005,-2.2614539145416486
400.5,-4.807246228870445
400.55,-3.2766782246194057
400.6,-4.273230918890224
400.65000000000003,-4.064972627103398
400.70000000000005,-4.614987287555854
400.75,-1.0772384047599295
400.8,-5.139319697467296
400.85,-5.0602449466564074
400.90000000000003,0.7560994666587404
400.95000000000005,-1.4360969096707574
401.0,-8.067723718312052
401.05,-4.333520756910792
401.1,-6.732294364393013
401.15000000000003,-4.914817727552205
401.20000000000005,-9.19539736251836
401.25,-3.097092719470205
401.3,-5.011559397474082
401.35,-2.512246927385889
401.40000000000003,-5.78650396231761
401.45000000000005,-2.274466907664488
401.5,-3.1739803587500637
401.55,0.7560700582542572
401.6,0.6713560297899099
401.65000000000003,-0.4840249407384807
401.70000000000005,-2.611141680672968
401.75,2.109806282573592
401.8,-4.869910772993308
401.85,-4.4736914195134485
401.90000000000003,-1.7367254579244946
401.95000000000005,3.0364777783443246
402.0,-1.7785724548820196
402.05,-1.6425412938691144
402.1,-4.061890602567009
402.15000000000003,0.8119043213812764
402.20000000000005,0.9246438581262133
402.25,0.6948161345361472
402.3,-2.0432760288883567
402.35,-2.099626419823159
402.40000000000003,-3.173716363263578
402.45000000000005,-0.3208696189982274
402.5,-2.550458829558905
402.55,-2.645396532523264
402.6,-1.0387571298067917
402.65000000000003,-1.0703960697906791
402.70000000000005,-1.0686476825296551
402.75,1.0396897428721208
402.8,0.3644823629260908
402.85,-0.2702471074114351
402.90000000000003,0.7718579354742938
402.95000000000005,-1.4773690085172668
403.0,0.8161781200691541
403.05,1.0068413892349872
403.1,-2.2003651270789577
403.15000000000003,2.8972818644856853
403.20000000000005,-0.7567368000566645
403.25,1.2870538639631877
403.3,3.5356257077980873
403.35,3.158584910578628
403.40000000000003,1.4763854450127871
403.45000000000005,0.7832629321561125
403.5,3.50387891155722
403.55,3.058887978303164
403.6,0.5734565643926919
403.65000000000003,0.3211304240105486
403.70000000000005,-2.13302212524762
403.75,2.4205587198702228
403.8,2.0479394915902396
403.85,4.586587688379346
403.90000000000003,3.133211958619513
403.95000000000005,5.184480727732583
404.0,1.2222350439599168
404.05,4.994222769905801
404.1,1.7610622585269868
404.15000000000003,4.47507120034351
404.20000000000005,0.1033543516365576
404.25,3.592138642071805
404.3,-0.746509241159409
404.35,2.7895888034417444
404.40000000000003,4.305564273857251
404.45000000000005,2.4839039122544833
404.5,1.5259395431234508
404.55,5.420011420859327
404.6,3.621791317410586
404.65000000000003,2.9504975877953012
404.70000000000005,4.114329114899122
404.75,9.404747188755728
404.8,6.539256313430136
404.85,6.658206570927955
404.90000000000003,5.304924239763238
404.95000000000005,4.867535095598194
405.0,-0.15690966103673532
405.05,3.377938839783612
405.1,3.8753464111378233
405.15000000000003,1.1872547384580674
405.20000000000005,2.7226956764658508
405.25,1.1762843047469178
405.3,5.1616780032630025
405.35,6.976161322945257
405.40000000000003,7.652414245038768
405.45000000000005,6.368598921281776
405.5,3.7123279112352234
405.55,1.875003526346779
405.6,2.325329195473252
405.65000000000003,3.4009505416389003
405.70000000000005,4.260958604870694
405.75,5.818853366846787
405.8,4.20960120209538
405.85,7.015364473876967
405.90000000000003,5.972249363483662
405.95000000000005,6.557168973912912
406.0,8.915754203293078
406.05,4.373856413654369
406.1,7.670683932924011
406.15000000000003,6.904168200765011
406.20000000000005,6.363863844616557
406.25,8.899949548543736
406.3,8.985941355279383
406.35,5.433280124179447
406.40000000000003,7.060158644602051
406.45000000000005,8.084987599480115
406.5,7.0744983900185305
406.55,8.888362340471062
406.6,8.378368552481293
406.65000000000003,11.578625806590248
406.70000000000005,4.950314754006431
406.75,7.863218564379143
406.8,6.388147789193756
406.85,9.510271679290845
406.90000000000003,5.1644555752129495
406.95000000000005,9.188002941651547
407.0,7.331691357315415
407.05,7.219704679127837
407.1,5.891098653688784
407.15000000000003,7.949833247297505
407.20000000000005,11.144696686349391
407.25,9.020846135779253
407.3,10.42192659690927
407.35,12.59100304143018
407.40000000000003,9.884192584904268
407.45000000000005,8.333849680505121
407.5,10.480523073064086
407.55,8.551795600960503
407.6,8.725708241993019
407.65000000000003,6.788727227033707
407.70000000000005,11.774777574808216
407.75,9.24379480993692
407.8,10.473318484913873
407.85,8.130301900588265
407.90000000000003,11.167003591177748
407.95000000000005,8.863884323856436
408.0,10.196780812728429
408.05,12.32805186374057
408.1,12.245887169914445
408.15000000000003,10.712041462150252
408.20000000000005,7.3113340482268665
408.25,16.924470340920006
408.3,14.521575954118017
408.35,12.565969355702672
408.40000000000003,9.704723877824074
408.45000000000005,11.074206067851922
408.5,10.304552878989602
408.55,14.008850552470113
408.6,12.095628181240011
408.65000000000003,10.091514408462503
408.70000000000005,10.80728487373494
408.75,14.079854755879028
408.8,15.126085256029707
408.85,15.070688725113033
408.90000000000003,13.615947969693998
408.95000000000005,11.684211821213246
409.0,5.793728387892329
409.05,12.958084619848274
409.1,12.446826946476829
409.15000000000003,12.816877222265079
409.20000000000005,12.730842289027164
409.25,10.056361173839571
409.3,13.909241200528278
409.35,14.144093350589623
409.40000000000003,14.329270340800472
409.45000000000005,14.94237163993764
409.5,14.34163597596501
409.55,12.39747652074298
409.6,13.159549329193863
409.65000000000003,13.566842895484637
409.70000000000005,13.68304209334233
409.75,15.546805895197922
409.8,14.920110299605467
409.85,17.86953418593334
409.90000000000003,18.209529576116857
409.95000000000005,14.037302393600015
410.0,6.285768564960644
410.05,16.513483381104027
410.1,13.03946445636267
410.15000000000003,12.597305432912773
410.20000000000005,13.483093897102018
410.25,13.466062137129923
410.3,15.662901846215968
410.35,11.398152486554702
410.40000000000003,12.4398898212654
410.45000000000005,15.359598778004303
410.5,15.996760829293164
410.55,16.1111855666665
410.6,13.33089531819717
410.65000000000003,13.024935963408081
410.70000000000005,14.044328476808301
410.75,15.6131037523142
410.8,18.179700049405362
410.85,11.18888271561028
410.90000000000003,14.916933830803151
410.95000000000005,12.767288984388138
411.0,12.202033095342518
411.05,17.513920198945502
411.1,16.742358217813226
411.15000000000003,16.624689806522493
411.20000000000005,17.64019756329764
411.25,14.910638476372226
411.3,15.076336789052451
411.35,20.384211677116564
411.40000000000003,15.590347947226991
411.45000000000005,17.62409281972071
411.5,16.236527090635175
411.55,12.596777208171615
411.6,12.273159348104793
411.65000000000003,15.273162830226987
411.70000000000005,18.611636530238144
411.75,18.143906970918213
411.8,18.462952538639623
411.85,14.72776339085995
411.90000000000003,20.00023933415058
411.95000000000005,14.904925522494548
412.0,17.326155966710555
412.05,16.94517304403145
412.1,16.683073992852794
412.15000000000003,19.772521638884776
412.20000000000005,15.74920195087631
412.25,14.523866206712249
412.3,17.32628773045934
412.35,16.549427874468073
412.40000000000003,24.166194560593365
412.45000000000005,18.826352115673465
412.5,16.716123797636484
412.55,15.48360724125165
412.6,13.895834955160193
412.65000000000003,15.66610930302241
412.70000000000005,18.00611937177866
412.75,20.69013251250874
412.8,20.13764229194415
412.85,18.410790292423457
412.90000000000003,17.364148169017717
412.95000000000005,18.60553577704321
413.0,17.087605786745332
413.05,21.618122123716674
413.1,17.8590662505164
413.15000000000003,18.120362023485097
413.20000000000005,13.91652119678075
413.25,18.011960392774345
413.3,20.12999670350888
413.35,16.375314507070193
413.40000000000003,17.062581725085174
413.45000000000005,20.202237287916592
413.5,15.715822433955065
413.55,20.836587958151537
413.6,17.7080733404195
413.65000000000003,18.046124673957795
413.70000000000005,16.625927835014814
413.75,19.6797229711435
413.8,23.892841257528815
413.85,20.585078412167487
413.90000000000003,17.342018659184777
413.95000000000005,21.389853022425136
414.0,18.53279168012952
414.05,21.962174760366644
414.1,20.8731256042885
414.15000000000003,13.419570539619231
414.20000000000005,17.343287053915766
414.25,21.28532012325225
414.3,19.744477237320126
414.35,17.43777243936391
414.40000000000003,18.261734559897327
414.45000000000005,15.759576228706912
414.5,19.437944420790526
414.55,24.07821667040937
414.6,21.30835398416745
414.65000000000003,24.120474037036637
414.70000000000005,21.545088999331853
414.75,21.87540936988214
414.8,23.808264145347927
414.85,20.653788763159934
414.90000000000003,19.563461648482583
414.95000000000005,22.041383148447146
415.0,22.921397413965646
415.05,19.090932723625247
415.1,18.64436442240025
415.15000000000003,20.40135002249184
415.20000000000005,21.822265158325028
415.25,21.79057240863105
415.3,17.38067076151891
415.35,24.086325874086327
415.40000000000003,19.014383170485036
415.45000000000005,19.79967323990261
415.5,18.557075057088966
415.55,25.79111177530025
415.6,20.910155017440907
415.65000000000003,18.755111820242856
415.70000000000005,22.215445621937835
415.75,22.05589438122271
415.8,20.17168038089854
415.85,22.25734632880833
415.90000000000003,18.95403391154229
415.95000000000005,19.64675227329887
416.0,16.63961218955087
416.05,18.03908533690133
416.1,24.328676120416382
416.15000000000003,24.022183451468823
416.20000000000005,20.89629956986146
416.25,24.11546535969104
416.3,20.49381754791597
416.35,20.350993602005648
416.40000000000003,20.97416660763465
416.45000000000005,20.634116448789822
416.5,20.47586437409155
416.55,23.214833518449506
416.6,21.249571664536397
416.65000000000003,22.39500959611876
416.70000000000005,23.05303539544822
416.75,21.7863567099609
416.8,19.088635686041776
416.85,18.34212219414561
416.90000000000003,21.363573280691178
416.95000000000005,20.741139855206587
417.0,21.27555822144438
417.05,21.085272679204436
417.1,26.30061603804377
417.15000000000003,18.488586823078208
417.20000000000005,17.184200178894397
417.25,21.843382668302187
417.3,20.43980322451434
417.35,21.838286626540675
417.40000000000003,22.386902897355082
417.45000000000005,23.7998158325969
417.5,18.2291082461553
417.55,20.141561642648522
417.6,22.12344188586
417.65000000000003,22.817253159040153
417.70000000000005,25.673116649150067
417.75,23.207002384507405
417.8,21.190879808396357
417.85,19.531934087640145
417.90000000000003,20.192060908070285
417.95000000000005,20.142556825209677
418.0,22.645238854225784
418.05,21.855063333520047
418.1,18.699554335268058
418.15000000000003,20.480324252938242
418.20000000000005,23.11198520155903
418.25,22.064467426986337
418.3,22.502174839398528
418.35,22.133962754481995
418.40000000000003,24.623705955510218
418.45000000000005,21.8451477985958
418.5,20.602725919879553
418.55,19.544464584790184
418.6,21.875890707833054
418.65000000000003,16.495455544672172
418.70000000000005,21.00797271668468
418.75,20.964054234113874
418.8,18.645472311217446
418.85,19.51605999914212
418.90000000000003,22.989582770040503
418.95000000000005,21.82886641737119
419.0,21.56769479227273
419.05,21.972989233516582
419.1,21.541227075479018
419.15000000000003,23.83687732926698
419.20000000000005,21.5926943367544
419.25,18.42359789595131
419.3,24.59397751742113
419.35,22.067597852379492
419.40000000000003,20.14111682294611
419.45000000000005,18.80503604094566
419.5,22.095392346622823
419.55,21.06045458259841
419.6,24.43383815807477
419.65000000000003,20.58398838711247
419.70000000000005,19.59081318218184
419.75,23.04645356175645
419.8,23.094226943287744
419.85,21.569284730831782
419.90000000000003,22.572532888362698
419.95000000000005,21.13180048106886
420.0,21.66178117672129
420.05,23.510430522971063
420.1,22.41700596624659
420.15000000000003,20.81326496312969
420.20000000000005,23.841508736196314
420.25,16.39156924564335
420.3,25.209450800242454
420.35,17.67693932754832
420.40000000000003,19.81775569338775
420.45000000000005,20.972721933101287
420.5,20.74374452413817
420.55,23.031211393112237
420.6,18.883935509640466
420.65000000000003,21.501899220025958
420.70000000000005,19.80423706628682
420.75,21.530779190541374
420.8,20.790330441750687
420.85,21.08466724218154
420.90000000000003,19.77741199570137
420.95000000000005,19.83514575158234
421.0,21.40737847383812
421.05,22.697373606173244
421.1,19.590043998407655
421.15000000000003,19.025280157768584
421.20000000000005,21.96550226727007
421.25,20.648896564801596
421.3,22.349780392997673
421.35,18.851628480628698
421.40000000000003,17.078344512117567
421.45000000000005,19.544776008973887
421.5,19.051204814370312
421.55,20.399024855803855
421.6,19.25517034100512
421.65000000000003,21.982723019504974
421.70000000000005,19.895787931536777
421.75,20.74400955958352
421.8,20.72887633970801
421.85,20.773640427710674
421.90000000000003,20.30517322044882
421.95000000000005,21.343914033123504
422.0,18.700265456950692
422.05,23.05885837517885
422.1,19.7549801556224
422.15000000000003,17.572576543061842
422.20000000000005,20.539030832591354
422.25,18.42732377829755
422.3,21.426747697470674
422.35,24.48127887646902
422.40000000000003,18.454509811923188
422.45000000000005,20.657584084875293
422.5,16.446614809010153
422.55,20.829826163526413
422.6,18.114582992788172
422.65000000000003,18.599943445626145
422.70000000000005,17.610251041586555
422.75,21.239949120463102
422.8,21.75269141160648
422.85,19.7469046215511
422.90000000000003,17.932949843495813
422.95000000000005,22.80213806669579
423.0,18.083182282547654
423.05,15.220472422605809
423.1,20.421475617819663
423.15000000000003,17.25493707982753
423.20000000000005,21.40112327219796
423.25,18.620682166246862
423.3,20.549070730990117
423.35,22.10296866091624
423.40000000000003,16.84021320773997
423.45000000000005,18.083661131141735
423.5,19.02144143759771
423.55,22.20478040390715
423.6,17.769454776251738
423.65000000000003,17.85340581173541
423.70000000000005,19.954540184591384
423.75,17.799302554575785
423.8,19.213970202378306
423.85,15.760661809658435
423.90000000000003,23.246876873345315
423.95000000000005,16.076943333804994
424.0,18.08266802073081
424.05,18.614692188447865
424.1,22.458182936817806
424.15000000000003,15.935941480442601
424.20000000000005,22.505544053527125
424.25,20.00467094094621
424.3,19.276370659434214
424.35,16.424458973622773
424.40000000000003,19.487241233254355
424.45000000000005,16.84890641908133
424.5,20.779814056489208
424.55,16.25467281699355
424.6,17.920481127064903
424.65000000000003,16.98595158214526
424.70000000000005,16.070852371660308
424.75,19.47764186836806
424.8,19.014729579353958
424.85,20.310350765093013
424.90000000000003,14.2808093956908
424.95000000000005,19.91684376128441
425.0,22.747058957319176
425.05,16.78025635767601
425.1,21.420934310968658
425.15000000000003,17.05113682435868
425.20000000000005,14.779188483511447
425.25,16.859020557410904
425.3,19.51270234706625
425.35,15.68568450224408
425.40000000000003,16.106839896792312
425.45000000000005,18.439815134083204
425.5,17.203817485499133
425.55,18.311648695220228
425.6,17.562514600252403
425.65000000000003,17.990308717727547
425.70000000000005,16.110410745871608
425.75,17.382185173287716
425.8,15.0074452425191
425.85,19.382286922684656
425.90000000000003,15.47986179895573
425.95000000000005,18.948863571608456
426.0,16.166480531000417
426.05,16.979989512543984
426.1,15.528133303396759
426.15000000000003,14.427919032834602
426.20000000000005,12.912015890703039
426.25,14.232297110147401
426.3,15.636321187807443
426.35,16.6488781438613
426.40000000000003,18.186649453986387
426.45000000000005,15.214939826983352
426.5,14.282892748192412
426.55,13.101542583146161
426.6,16.887058359042125
426.65000000000003,18.633082956982168
426.70000000000005,18.338923849518157
426.75,17.165507534263394
426.8,16.961919490408516
426.85,19.01908608663602
426.90000000000003,16.226824738039298
426.95000000000005,16.793564838265198
427.0,14.798204585966127
427.05,12.653978316183453
427.1,13.94848870498872
427.15000000000003,15.235821354630632
427.20000000000005,15.313497360285941
427.25,18.982122549079193
427.3,15.229569224010433
427.35,17.36200843869754
427.40000000000003,14.071319130629227
427.45000000000005,14.255122097507412
427.5,12.157309834480154
427.55,13.267374101785512
427.6,15.74255450313236
427.65000000000003,14.64013304515618
427.70000000000005,16.44717305724082
427.75,14.85995181539178
427.8,13.72855232482901
427.85,18.66593995397606
427.90000000000003,14.117298897558557
427.95000000000005,16.56674395516175
428.0,13.373838557887996
428.05,15.530852661948535
428.1,15.902966333294895
428.15000000000003,14.399087650163061
428.20000000000005,9.208196742297222
428.25,13.888619374897468
428.3,16.247882202751477
428.35,14.776670017064273
428.40000000000003,14.548033735466896
428.45000000000005,10.146393940985352
428.5,12.084456480050635
428.55,14.282450482441947
428.6,14.214782955100087
428.65000000000003,15.757546520888077
428.70000000000005,12.97259418071085
428.75,14.00801155797736
428.8,13.163071315578183
428.85,11.090323347592088
428.90000000000003,8.486441475402293
428.95000000000005,13.79379095114678
429.0,13.213348307213
429.05,11.562723803396189
429.1,9.49428822244905
429.15000000000003,13.92561703715787
429.20000000000005,12.067747529287283
429.25,13.646735556805988
429.3,16.19443313785482
429.35,8.116778574253019
429.40000000000003,10.933700027259645
429.45000000000005,11.847371535286772
429.5,15.108958786911465
429.55,8.859649384654613
429.6,15.937294511066094
429.65000000000003,12.270372092144504
429.70000000000005,11.739720323911088
429.75,11.46863974053753
429.8,10.925249811262804
429.85,13.827007715205102
429.90000000000003,9.526715440684661
429.95000000000005,12.287555209470801
430.0,10.761323266408054
430.05,9.938372010908852
430.1,16.56753682695705
430.15000000000003,12.166633464110664
430.20000000000005,12.488009242765974
430.25,13.46998119642322
430.3,8.284683226257863
430.35,14.564931088743005
430.40000000000003,5.9754084046751705
430.45000000000005,9.388779430099563
430.5,9.94125504334922
430.55,11.95579055763951
430.6,11.16282773752165
430.65000000000003,10.324833675541214
430.70000000000005,10.567567621551566
430.75,8.568645241090307
430.8,7.46338791440141
430.85,11.844072408665216
430.90000000000003,11.711695495475986
430.95000000000005,13.42654636610919
431.0,8.610840592406241
431.05,11.50986778015493
431.1,9.490234450476736
431.15000000000003,12.372058962563049
431.20000000000005,11.968548723199316
431.25,10.28061178611826
431.3,9.112760671750458
431.35,11.64737405057439
431.40000000000003,10.953070682016172
431.45000000000005,8.224198521968292
431.5,6.8713679244352495
431.55,8.883856167407885
431.6,12.425779537748303
431.65000000000003,11.622031883636577
431.70000000000005,7.03858647776456
431.75,6.861991089965858
431.8,11.681221232234416
431.85,6.7950148843494915
431.90000000000003,10.019398486042375
431.95000000000005,7.703276961388397
432.0,12.104213617693897
432.05,7.264073775390173
432.1,11.026543662809978
432.15000000000003,9.044535148302726
432.20000000000005,9.114307170753973
432.25,4.604504671101202
432.3,4.0746066031406
432.35,7.974722353421861
432.40000000000003,8.845199067783362
432.45000000000005,6.0366380983907435
432.5,6.045410164380517
432.55,9.281624196822301
432.6,9.220390861196593
432.65000000000003,7.755326033782979
432.70000000000005,9.52746341114106
432.75,5.555035009019274
432.8,7.128079461680593
432.85,11.072346501320215
432.90000000000003,7.850012065308474
432.95000000000005,7.90290608370542
433.0,12.199226408921426
433.05,4.725842209197381
433.1,9.054723875724246
433.15000000000003,10.727317765401635
433.20000000000005,6.687259029983286
433.25,8.994015887573395
433.3,5.248646631545796
433.35,5.777306143289274
433.40000000000003,7.858945173964791
433.45000000000005,8.624545284573662
433.5,9.2078448260525
433.55,10.043951169004819
433.6,6.7086874546286435
433.65000000000003,9.16985708019809
433.70000000000005,6.037245328297196
433.75,8.465429543536073
433.8,7.01578888041846
433.85,7.431905908480145
433.90000000000003,7.327481069868506
433.95000000000005,3.2111489068152834
434.0,4.112589135954951
434.05,6.506371915200004
434.1,2.8673712309966195
434.15000000000003,7.845178028595377
434.20000000000005,7.866882154361095
434.25,6.719315571280071
434.3,3.764102390305474
434.35,8.708237798665976
434.40000000000003,9.964166094304252
434.45000000000005,6.125880572236956
434.5,6.794978790580554
434.55,6.119767264306325
434.6,6.7196128347523105
434.65000000000003,5.362545788225541
434.70000000000005,5.47552975617803
434.75,7.2992961931187255
434.8,10.122521611406238
434.85,2.574754355970079
434.90000000000003,5.111108322245146
434.95000000000005,2.9018633883633242
435.0,8.391101482500863
435.05,3.97606097401441
435.1,2.2098400799367655
435.15000000000003,6.317541559028114
435.20000000000005,8.47493841961639
435.25,6.258884871556435
435.3,5.286883713792697
435.35,5.64139605943682
435.40000000000003,7.598850757751598
435.45000000000005,2.967056591805885
435.5,4.438278607069421
435.55,3.703343671596613
435.6,2.219979447737659
435.65000000000003,3.846182031904274
435.70000000000005,6.665835064164263
435.75,5.531296745719594
435.8,5.63465368722388
435.85,4.58716619957095
435.90000000000003,5.2892882557301535
435.95000000000005,2.59013050157321
436.0,3.5212080332481372
436.05,4.473400345117511
436.1,4.593836410179917
436.15000000000003,4.628843270022032
436.20000000000005,3.6617111852038233
436.25,3.1337017154525713
436.3,10.154511673121052
436.35,5.603219287737067
436.40000000000003,4.566871582021239
436.45000000000005,3.225348966392849
436.5,2.740776260207889
436.55,3.3333204537533008
436.6,4.132547971557333
436.65000000000003,-0.26175012127737096
436.70000000000005,0.3128356040112501
436.75,2.130608079294742
436.8,3.7716750995484762
436.85,2.8321396616330086
436.90000000000003,6.220485536701694
436.95000000000005,0.2532750579273464
437.0,1.6694726619064677
437.05,6.166712459657353
437.1,3.343404379170723
437.15000000000003,4.805759973958041
437.20000000000005,7.093751033184141
437.25,1.5591048247737307
437.3,2.7038165729486727
437.35,2.3135989894910374
437.40000000000003,-1.094448856656813
437.45000000000005,2.1505055695650834
437.5,4.49026406846191
437.55,3.766438596195868
437.6,3.8808257651748335
437.65000000000003,1.849322248905683
437.70000000000005,1.246108149186886
437.75,5.055058742749409
437.8,1.4804409724643928
437.85,3.022051001398721
437.90000000000003,2.7196524223130045
437.95000000000005,5.275798377395525
438.0,4.254856141328865
438.05,-0.31853230454791515
438.1,-0.14288084164154702
438.15000000000003,3.3505733241937135
438.20000000000005,2.0248948092416836
438.25,1.2043317326605174
438.3,4.107325588613547
438.35,2.412672953238827
438.40000000000003,2.1046436865611717
438.45000000000005,3.521651762206072
438.5,1.1743333738148705
438.55,5.024437985628076
438.6,0.2744456220295577
438.65000000000003,3.127832474647631
438.70000000000005,4.645366511189666
438.75,-1.0128702535914291
438.8,1.0193640261936059
438.85,3.9550569231105337
438.90000000000003,3.9500334253120557
438.95000000000005,1.2577500631683485
439.0,0.09689104272386784
439.05,3.4438921453020575
439.1,3.8652015351286133
439.15000000000003,-0.8648447427001051
439.20000000000005,-0.9766707059984467
439.25,1.84864080692418
439.3,2.6241159563641316
439.35,0.7348203251921975
439.40000000000003,2.6594066473919384
439.45000000000005,-0.1512968608418348
439.5,-2.991956556298982
439.55,0.3583798217740858
439.6,1.3016946935929856
439.65000000000003,0.5928960804062972
439.70000000000005,-1.202987723995931
439.75,-2.5471391218019206
439.8,0.026218473423085475
439.85,2.8202420873524163
439.90000000000003,3.5081570606593577
439.95000000000005,3.3423177120572443
440.0,-0.6935023100076609
440.05,-1.3973731033851289
440.1,1.8753284191588941
440.15000000000003,2.124575596280022
440.20000000000005,1.627327764940231
440.25,-3.228228573696751
440.3,-0.9606655125214354
440.35,0.6872278270623647
440.40000000000003,1.6948394031768996
440.45000000000005,2.229110971567734
440.5,0.9573919021380646
440.55,1.3051361955799052
440.6,0.7882780552093522
440.65000000000003,1.9650589737088648
440.70000000000005,1.1951188280269855
440.75,0.6767240225599841
440.8,-0.015334193581177713
440.85,0.6604341115102976
440.90000000000003,1.4437746426029174
440.95000000000005,0.9865756478524381
441.0,1.1906026310142408
441.05,3.0920099406042194
441.1,0.9148015291686029
441.15000000000003,-0.9353253236701562
441.20000000000005,2.1083733991093916
441.25,-2.412459170885855
441.3,-1.8638225381030455
441.35,0.9500539703443989
441.40000000000003,1.2907959325716538
441.45000000000005,-2.2521693323988305
441.5,-0.547484562252207
441.55,-1.0135138230408116
441.6,-0.7939098339347838
441.65000000000003,2.0477122189146906
441.70000000000005,1.5548856706889551
441.75,0.08527200563791809
441.8,-0.9864830174548698
441.85,-2.611651894039972
441.90000000000003,2.910505343715712
441.95000000000005,1.2371319519948585
442.0,-1.3773854670138996
442.05,1.45847945300593
442.1,-0.1375607337471788
442.15000000000003,-0.5874489298704151
442.20000000000005,0.8413534052094672
442.25,-1.5276300287882756
442.3,-0.7474354507912829
442.35,0.16798495366303123
442.40000000000003,-1.0885810946065901
442.45000000000005,1.2340224995077897
442.5,3.6197872731742122
442.55,-1.6408693522446662
442.6,-3.4761815267029204
442.65000000000003,-4.162800580583126
442.70000000000005,-0.47337829055084013
442.75,-1.511626401665039
442.8,0.21783409788203606
442.85,0.054983255433806555
442.90000000000003,-3.4287075156855145
442.95000000000005,-3.8638408280166723
443.0,0.34625527372795073
443.05,0.013968639493115054
443.1,-1.1195437436256195
443.15000000000003,-3.592955652019144
443.20000000000005,0.6536101520530471
443.25,2.244378514924954
443.3,0.24655062263579253
443.35,-2.014102383726981
443.40000000000003,-0.23953847734630088
443.45000000000005,-3.070108250149969
443.5,1.7690537583455468
443.55,-0.19191812440335665
443.6,-3.9004125404001897
443.65000000000003,-0.9736934310503541
443.70000000000005,0.5462569624230778
443.75,-1.0541993014265025
443.8,-0.9474114703472424
443.85,-2.851699703126158
443.90000000000003,0.7231507890645081
443.95000000000005,-1.713667470470766
444.0,-4.736181067559064
444.05,-1.1721310379740695
444.1,1.5265910156858657
444.15000000000003,-1.2154269724828262
444.20000000000005,3.028773259446037
444.25,0.4053401510766548
444.3,0.21974969036717729
444.35,-0.7195073695618261
444.40000000000003,-0.6040022476195641
444.45000000000005,-0.9987723759736794
444.5,-1.080736944157673
444.55,0.5814838151376529
444.6,-2.355746139165853
444.65000000000003,-2.639486868657854
444.70000000000005,-2.7374887575963838
444.75,3.5970255174556884
444.8,0.5634302492313574
444.85,0.10896822989701516
444.90000000000003,-2.6175963776781113
444.95000000000005,0.7417748431708382
445.0,-0.7401886547747729
445.05,-0.08063940289850169
445.1,-2.463946008554285
445.15000000000003,-0.19169418246138042
445.20000000000005,-1.3612255949839007
445.25,-2.0459092381810766
445.3,0.9525938628284594
445.35,-3.591771495737461
445.40000000000003,0.6126526775532821
445.45000000000005,0.8517198127783172
445.5,-2.276702778853853
445.55,-2.158047443792059
445.6,-0.9632308591312979
445.65000000000003,0.04728829635642884
445.70000000000005,-0.8219161712223464
445.75,0.35167744209838103
445.8,3.011449505476474
445.85,-1.5288285030289364
445.90000000000003,-3.9424647384180536
445.95000000000005,1.1412060362567849
446.0,2.8576233454622146
446.05,0.27833604622800645
446.1,-2.6807249637612935
446.15000000000003,-0.7508732048061506
446.20000000000005,-2.737832126036686
446.25,0.787391445764472
446.3,-3.1982743379218865
446.35,-1.0931666120665697
446.40000000000003,-2.4986436311607982
446.45000000000005,-0.23322291043857668
446.5,-1.2163072356145328
446.55,-0.12670051920167086
446.6,-0.43197565770598384
446.65000000000003,-2.4463000249274973
446.70000000000005,0.7846118251268626
446.75,-0.5626910476511695
446.8,-2.438094298431536
446.85,4.025079199122297
446.90000000000003,0.5004856946277545
446.95000000000005,-0.7543615769271059
447.0,2.387235627583132
447.05,3.2452556867530458
447.1,-0.7241476669483023
447.15000000000003,0.2663996352158424
447.20000000000005,-2.399222762178918
447.25,-0.7123017446721338
447.3,-0.8106198583061924
447.35,-0.037300650991593576
447.40000000000003,0.26422273593214063
447.45000000000005,0.7241295550588813
447.5,0.08564114159799263
447.55,-2.80513605520592
447.6,-2.2544835485795196
447.65000000000003,-1.4641571231918864
447.70000000000005,-0.929511741139535
447.75,1.7429311050083727
447.8,-2.6779827394398525
447.85,-1.0603246542364984
447.90000000000003,1.5672300072565766
447.95000000000005,-0.9317451507317082
448.0,0.5957309566142294
448.05,-0.5972056516796067
448.1,0.20251048694558427
448.15000000000003,-0.7608509789710012
448.20000000000005,1.0374576212401068
448.25,-3.379473313244551
448.3,-1.008593607468903
448.35,0.31864257125969
448.40000000000003,0.800428237824881
448.45000000000005,2.7265550370071203
448.5,-1.0337181604955061
448.55,2.715043213107612
448.6,-1.5541545148179612
448.65000000000003,2.4290621385346265
448.70000000000005,1.4146402649146357
448.75,-2.0392161446821806
448.8,0.40983058369382264
448.85,-0.29861459435612064
448.90000000000003,1.063182882793789
448.95000000000005,-0.6263234360952629
449.0,-0.7860194660642815
449.05,2.574960364321314
449.1,-0.3523296401954621
449.15000000000003,1.5063382483129115
449.20000000000005,-0.5887896550424545
449.25,3.2036955729584866
449.3,-1.4778106819762047
449.35,-1.3409074243989834
449.40000000000003,2.9449643556223037
449.45000000000005,-0.9853853861879944
449.5,3.1152582085477096
449.55,1.7054155045091925
449.6,-0.37892002141691383
449.65000000000003,-3.6875444610116723
449.70000000000005,-0.09091524264614204
449.75,0.1596738931241212
449.8,2.299552955070483
449.85,3.150724569910557
449.90000000000003,-1.3874246415172715
449.95000000000005,1.5936372578808942
450.0,1.5308043120266959
450.05,2.155551674916416
450.1,1.0148301075008628
450.15000000000003,-3.858825599353819
450.20000000000005,-0.2759623535172592
450.25,-2.2678289358911083
450.3,-0.35293291173367963
450.35,2.020965989245141
450.40000000000003,0.6799222800451897
450.45000000000005,2.374447387475296
450.5,0.7703982452081481
450.55,-2.501159274940319
450.6,-4.937624006535913
450.65000000000003,0.410237885263792
450.70000000000005,-0.306711509397059
450.75,-1.8242605332671573
450.8,-3.263167814348647
450.85,-1.3229800268748
450.90000000000003,-0.23409511844549197
450.95000000000005,1.4949844486171662
451.0,0.548789177876776
451.05,3.3959147535740986
451.1,-1.8832218075345792
451.15000000000003,1.9582607074066576
451.20000000000005,0.29884537706727426
451.25,1.6016372336548987
451.3,-0.6527357380489809
451.35,2.3715914323358938
451.40000000000003,0.8265563781891028
451.45000000000005,-1.1149696592213125
451.5,0.2276207689379718
451.55,-0.2197615093736669
451.6,1.2453189594630896
451.65000000000003,-2.085050716620094
451.70000000000005,0.22326618646042073
451.75,1.079975003730339
451.8,0.3627199386026649
451.85,2.9977883801299083
451.90000000000003,1.859101575846018
451.95000000000005,0.30315997234230313
452.0,0.7584785380667598
452.05,0.9233213047024798
452.1,1.1453881975052225
452.15000000000003,-3.3058214334341205
452.20000000000005,-0.2509478258046708
452.25,-2.610260660451003
452.3,2.9215924522120473
452.35,0.24964284425868183
452.40000000000003,-0.009132562261899346
452.45000000000005,2.1772454660141114
452.5,1.2342937659016173
452.55,-1.8617416861611793
452.6,0.25948749628713896
452.65000000000003,-0.2633792282178188
452.70000000000005,-3.076571026425712
452.75,-0.9626362233382497
452.8,0.056136482140101474
452.85,0.19849347466999323
452.90000000000003,-2.531014025034089
452.95000000000005,2.7417066981151166
453.0,0.23896730803763325
453.05,0.5229466234495649
453.1,1.2536579154861645
453.15000000000003,-1.1193785945180585
453.20000000000005,1.3737482289651237
453.25,-0.26898954807148134
453.3,-1.3240287793632055
453.35,1.6198769561900705
453.40000000000003,3.4600244852423265
453.45000000000005,1.9298834726738585
453.5,2.3295790116198267
453.55,-0.554388932416102
453.6,-2.705271479763932
453.65000000000003,3.4731840826098477
453.70000000000005,4.604723311334532
453.75,3.5839330897007833
453.8,-0.17078672034608233
453.85,-1.8061801991219437
453.90000000000003,-1.6261377825851802
453.95000000000005,-2.8602644553538594
454.0,0.2942485695727042
454.05,3.7219970459694256
454.1,0.22877953326672196
454.15000000000003,1.1180407654260531
454.20000000000005,3.2657037282067365
454.25,-0.2927431453794178
454.3,4.587269101033081
454.35,4.500972939562915
454.40000000000003,0.25495681923752284
454.45000000000005,-0.6376780065113066
454.5,1.9118915205319418
454.55,-0.1777974307100454
454.6,-1.796210583059659
454.65000000000003,3.0788331857234112
454.70000000000005,2.9485135833401928
454.75,0.8257101316478742
454.8,-2.0121709888854267
454.85,-1.9468206051382428
454.90000000000003,0.7251639536654729
454.95000000000005,-0.49076478384806843
455.0,-0.17513990241514255
455.05,2.5488360682988196
455.1,1.9689256719363575
455.15000000000003,3.256301534458494
455.20000000000005,-1.483990892644719
455.25,-0.19209955947480228
455.3,2.0090620467658478
455.35,1.3838558932351117
455.40000000000003,3.5488444447599594
455.45000000000005,1.321323920804776
455.5,4.172416368203727
455.55,1.5519607091809458
455.6,2.591764727268338
455.65000000000003,-0.18431905584231023
455.70000000000005,0.4863410579615268
455.75,2.2744845536992955
455.8,3.6731530519871054
455.85,1.9000419779044304
455.90000000000003,0.2693648715855933
455.95000000000005,3.1842863556899315
456.0,-3.9606669990107575
456.05,-2.427739932581224
456.1,1.773199632435575
456.15000000000003,0.43111200153789453
456.20000000000005,1.6066473297152162
456.25,0.5169191043393968
456.3,1.5222374472530724
456.35,-1.2564609318234012
456.40000000000003,1.5050708890531004
456.45000000000005,2.344435849877596
456.5,2.7879688771944955
456.55,4.3649886775799915
456.6,0.8168396954933687
456.65000000000003,0.8669767762912015
456.70000000000005,-2.7369306705456187
456.75,-0.7634022263539109
456.8,-0.09699177453626506
456.85,2.379307586307236
456.90000000000003,-0.9540945012867175
456.95000000000005,1.8495690694444558
457.0,0.24236777303748752
457.05,-0.12026306117567248
457.1,0.7200617607238262
457.15000000000003,-0.5721006558872984
457.20000000000005,-0.6601875919332147
457.25,-3.2242745901675645
457.3,-0.3234664070949133
457.35,-0.8006160466668295
457.40000000000003,-0.8860310446033364
457.45000000000005,0.966019212210481
457.5,1.4356096397633393
457.55,0.5685369303119321
457.6,2.080509089735103
457.65000000000003,1.226061026396781
457.70000000000005,-0.5301899678402312
457.75,-0.8810790424659232
457.8,0.6547141249034197
457.85,1.160764139949523
457.90000000000003,2.7928021066609134
457.95000000000005,2.3630656321240346
458.0,-1.1188987541467068
458.05,-0.25691671167955576
458.1,1.2719001436836934
458.15000000000003,2.048348109717624
458.20000000000005,1.7724981006346117
458.25,-0.2512720310079678
458.3,-2.6499200484514924
458.35,-2.1583894188599224
458.40000000000003,0.365824216810386
458.45000000000005,0.48579731745017385
458.5,-2.415509146590071
458.55,-0.1487938928306055
458.6,1.0044461169450398
458.65000000000003,-2.5808127559185596
458.70000000000005,1.910990180233295
458.75,-1.0749998015715958
458.8,2.174066398032219
458.85,-1.4295766088279724
458.90000000000003,-2.4377246494438154
458.95000000000005,-1.322840197585316
459.0,-0.6192460404783744
459.05,-1.2285846835993068
459.1,-0.9065947280705927
459.15000000000003,0.17007903792701773
459.20000000000005,-0.8637621442863942
459.25,-0.67747349036945
459.3,-3.987840323450352
459.35,0.18957580674901808
459.40000000000003,-0.796953733870495
459.45000000000005,2.577017378462283
459.5,-2.54801519208187
459.55,-4.311086903361815
459.6,0.5157339739440119
459.65000000000003,-0.05355137100834739
459.70000000000005,-2.7899696983078135
459.75,-3.859395884786884
459.8,2.24780490682932
459.85,1.9738452081293905
459.90000000000003,-5.85697270661143
459.95000000000005,-1.826485602388616
460.0,2.3900673492783304
460.05,-1.9190160593360717
460.1,-1.9769866498853224
460.15000000000003,-1.5904491993116792
460.20000000000005,-3.296190029695222
460.25,-4.4937103184117815
460.3,0.9908758181464385
460.35,-4.830449812694582
460.40000000000003,-0.6806874963492768
460.45000000000005,0.5669770190760026
460.5,-4.139883239650777
460.55,-3.1175131580230913
460.6,1.1255393693559301
460.65000000000003,-0.2671750551982479
460.70000000000005,-2.5999661032641344
460.75,1.0063705637653833
460.8,0.9819148549742795
460.85,-0.9263765682932861
460.90000000000003,-3.2984237857127474
460.95000000000005,-2.358917907584141
461.0,-0.9934597421667816
461.05,-1.9779309222398178
461.1,0.2423700266197213
461.15000000000003,-4.730190297558105
461.20000000000005,-4.694561436030998
461.25,-1.379978501987881
461.3,-2.760789661483803
461.35,-3.068071571358952
461.40000000000003,-5.386654306844383
461.45000000000005,-1.8483083250865397
461.5,-2.0300615797035038
461.55,-0.6550365167925107
461.6,-1.8619166465403536
461.65000000000003,-2.3029623455420176
461.70000000000005,0.2779314529560115
461.75,-4.739609907465077
461.8,-1.080791666304884
461.85,-5.535048017646163
461.90000000000003,-3.9089492519101707
461.95000000000005,-4.697299202032966
462.0,-0.7481463550803316
462.05,-2.483184812072137
462.1,-2.4199895501439044
462.15000000000003,-4.647352899271205
462.20000000000005,-3.074462257045534
462.25,-4.043478005570361
462.3,-1.7913925914897635
462.35,-4.582522480847937
462.40000000000003,0.016929304011310098
462.45000000000005,-6.036420411819604
462.5,-4.3411793586136715
462.55,0.5831018428551453
462.6,-3.6850146482338344
462.65000000000003,-5.488210120161632
462.70000000000005,-2.4643021234574047
462.75,-3.8974981450064887
462.8,-4.662997657881858
462.85,-5.227816429953188
462.90000000000003,2.4555814814314525
462.95000000000005,-3.629632778043453
463.0,-7.023298321778929
463.05,-0.23064911390784681
463.1,-2.0421012742816176
463.15000000000003,-4.843618817976319
463.20000000000005,-5.223634403363655
463.25,-2.0574272648561243
463.3,-3.9454514497395605
463.35,-7.351076603739028
463.40000000000003,0.02758964482533388
463.45000000000005,-4.462902565639128
463.5,-0.6520704411307565
463.55,-1.1348960468742453
463.6,-5.742595719081659
463.65000000000003,-1.7232650131460137
463.70000000000005,-5.141854206759855
463.75,-7.621949691321044
463.8,-4.787578081280904
463.85,-3.1931925566256925
463.90000000000003,-4.9642779884088535
463.95000000000005,-4.703488553030403
464.0,-1.8530957152453333
464.05,-3.978323225689256
464.1,-5.929237312842922
464.15000000000003,-2.8901543289297003
464.20000000000005,-3.9506815530989536
464.25,-9.441302051858191
464.3,-3.5936870446565097
464.35,-3.7192751353057174
464.40000000000003,-4.515467803159404
464.45000000000005,-2.8253228064765716
464.5,-6.006759983895012
464.55,-4.042455554192428
464.6,-7.903088174435215
464.65000000000003,-4.008933447087215
464.70000000000005,-0.9711685681491149
464.75,-6.921401839370041
464.8,-6.505920454105736
464.85,-6.461198447114118
464.90000000000003,-4.836245215905209
464.95000000000005,-7.277609458361691
465.0,-4.364556927966696
465.05,-3.569104467889206
465.1,-4.250038864143562
465.15000000000003,-8.911727676049722
465.20000000000005,-3.4409379572961964
465.25,-3.613126163616565
465.3,-3.8843354911731094
465.35,-4.855978804166705
465.40000000000003,-5.2184958283444995
465.45000000000005,-3.6515111584614943
465.5,-1.9268810584712255
465.55,-7.7378078440747275
465.6,-3.733494023278048
465.65000000000003,-6.120394116943908
465.70000000000005,-6.265716519878575
465.75,-9.138035846288526
465.8,-6.693349040815622
465.85,-8.177285738132753
465.90000000000003,-7.1696382492908715
465.95000000000005,-8.497661803121318
466.0,-7.258649628302469
466.05,-7.232779640457773
466.1,-6.286955484946852
466.15000000000003,-9.770049818899018
466.20000000000005,-9.491847580204801
466.25,-5.937418378898443
466.3,-8.316731249335714
466.35,-4.63357398939311
466.40000000000003,-6.393041127708972
466.45000000000005,-5.6911696947130395
466.5,-4.144587160398179
466.55,-7.646833561965649
466.6,-8.237985752702029
466.65000000000003,-5.407365763226373
466.70000000000005,-6.193658498108295
466.75,-7.649414933506261
466.8,-4.5540589490685175
466.85,-7.82383382546532
466.90000000000003,-7.396315867328524
466.95000000000005,-7.4820812392263365
467.0,-9.456521026782845
467.05,-7.4951102755586625
467.1,-4.919847450631904
467.15000000000003,-6.88665465900054
467.20000000000005,-7.777822443056693
467.25,-8.226974162790835
467.3,-7.30532591195623
467.35,-6.531274897580486
467.40000000000003,-6.876204238502847
467.45000000000005,-8.822408660814062
467.5,-7.573233797112996
467.55,-7.327154271569654
467.6,-10.36577691600412
467.65000000000003,-8.079393151589167
467.70000000000005,-12.803041082156785
467.75,-7.580054414161543
467.8,-7.2892313531600585
467.85,-7.179725588609104
467.90000000000003,-9.52991430673748
467.95000000000005,-8.186829703617883
468.0,-6.022216077568155
468.05,-6.107880095478548
468.1,-9.0591532372115
468.15000000000003,-8.787647432406054
468.20000000000005,-6.910031243406644
468.25,-12.199109952290073
468.3,-9.909392902459796
468.35,-6.657916655097013
468.40000000000003,-7.444550823682376
468.45000000000005,-8.722394413471688
468.5,-12.538630082055256
468.55,-9.692899792223004
468.6,-10.839092428002926
468.65000000000003,-9.063431887723462
468.70000000000005,-11.410514354672213
468.75,-11.909639777618494
468.8,-14.054353725210339
468.85,-7.547499622222704
468.90000000000003,-10.857188930092358
468.95000000000005,-9.809945792148088
469.0,-10.195351018984903
469.05,-12.392425481716092
469.1,-12.842413093300024
469.15000000000003,-12.401679415987585
469.20000000000005,-11.904189581028566
469.25,-9.791478794107734
469.3,-12.182997637848262
469.35,-7.165481893748657
469.40000000000003,-8.671089133452394
469.45000000000005,-9.175624728367104
469.5,-11.098636194653274
469.55,-7.897750778735661
469.6,-11.429334023907591
469.65000000000003,-11.122870098807457
469.70000000000005,-10.787434037396318
469.75,-9.790781553999105
469.8,-9.987661995437737
469.85,-12.278782551492975
469.90000000000003,-12.46157391444119
469.95000000000005,-10.182832993632903
470.0,-10.099213430039438
470.05,-12.383429095828864
470.1,-14.838133088206465
470.15000000000003,-12.145406388683305
470.20000000000005,-10.550724277971165
470.25,-8.253925574135804
470.3,-14.327637572060151
470.35,-12.851802794673091
470.40000000000003,-12.84437958275566
470.45000000000005,-9.420844744204604
470.5,-12.269189439535326
470.55,-14.08077588065515
470.6,-11.215511078820757
470.65000000000003,-13.208917374974341
470.70000000000005,-14.915110623747248
470.75,-14.318532726621882
470.8,-9.131503768833173
470.85,-11.897719565041493
470.90000000000003,-12.517114224575716
470.95000000000005,-13.298861359220641
471.0,-12.2811562061498
471.05,-12.371299674881671
471.1,-12.413686481177157
471.15000000000003,-12.834518640039718
471.20000000000005,-11.39272615510452
471.25,-13.150154692628167
471.3,-15.218205362108339
471.35,-14.553058742424028
471.40000000000003,-17.35205378850575
471.45000000000005,-9.406100988054302
471.5,-11.799857437495278
471.55,-15.251048799158886
471.6,-14.220045683802624
471.65000000000003,-14.9954612994217
471.70000000000005,-10.701867684483316
471.75,-16.691868781726996
471.8,-13.688210470052889
471.85,-14.199159394141619
471.90000000000003,-12.393257753573314
471.95000000000005,-14.319672158630814
472.0,-17.69267472428812
472.05,-14.742977685036045
472.1,-16.2494304708712
472.15000000000003,-14.210187133289041
472.20000000000005,-11.565105715063863
472.25,-17.976294407166122
472.3,-16.161741288246127
472.35,-15.730398591934929
472.40000000000003,-15.451853911231295
472.45000000000005,-13.271778799328057
472.5,-15.162413944049726
472.55,-14.046868417596952
472.6,-16.193019701245433
472.65000000000003,-14.544472859810343
472.70000000000005,-13.511419627072886
472.75,-16.594149938842474
472.8,-13.629210375670327
472.85,-15.149393894244776
472.90000000000003,-13.225266025023387
472.95000000000005,-15.780904858046934
473.0,-14.677282999345948
473.05,-15.582517949573877
473.1,-15.755086339286855
473.15000000000003,-15.105977670765975
473.20000000000005,-14.611217917423474
473.25,-18.24477186181683
473.3,-12.938996095969785
473.35,-19.586020007423098
473.40000000000003,-17.296555342711674
473.45000000000005,-16.175510296681406
473.5,-15.222102338554764
473.55,-12.954109691094315
473.6,-19.882473803870038
473.65000000000003,-17.240508042982974
473.70000000000005,-20.537805869837836
473.75,-16.279701479511843
473.8,-15.858169496913545
473.85,-13.278318410828117
473.90000000000003,-16.276792883391273
473.95000000000005,-14.487941232144543
474.0,-15.466020289888046
474.05,-17.561664990519976
474.1,-19.56633272617445
474.15000000000003,-16.25541508109422
474.20000000000005,-19.846395288201713
474.25,-14.328309143887548
474.3,-17.299137321564356
474.35,-14.640703255601533
474.40000000000003,-18.047284387000545
474.45000000000005,-16.604701217444777
474.5,-16.77899953735257
474.55,-17.34282450551863
474.6,-18.172836241598436
474.65000000000003,-16.577125429966124
474.70000000000005,-19.268620938682076
474.75,-19.889156100142625
474.8,-15.038354171980368
474.85,-16.12312339069415
474.90000000000003,-17.498853869546203
474.95000000000005,-14.35325377094236
475.0,-18.27169218405499
475.05,-15.143095916624437
475.1,-17.489411442255452
475.15000000000003,-19.94183186744376
475.20000000000005,-14.24773170099301
475.25,-16.013580541304023
475.3,-18.287940358533493
475.35,-16.64215523910367
475.40000000000003,-18.954204983972954
475.45000000000005,-16.538498805089898
475.5,-23.028648680660318
475.55,-20.335482331310082
475.6,-16.386439260604348
475.65000000000003,-18.893037424096484
475.70000000000005,-18.02709542081026
475.75,-21.183888622972997
475.8,-14.842401791165484
475.85,-16.20457375487269
475.90000000000003,-19.034177104854837
475.95000000000005,-19.489045973858772
476.0,-16.66696470587181
476.05,-14.807420894086011
476.1,-16.910696476609377
476.15000000000003,-14.52013131680155
476.20000000000005,-20.753621094706872
476.25,-20.592533666994534
476.3,-21.376141269586427
476.35,-18.158891904334524
476.40000000000003,-18.735013112523855
476.45000000000005,-19.433580012782397
476.5,-17.554266326665203
476.55,-16.75087818249728
476.6,-22.309255755555156
476.65000000000003,-20.493912023614115
476.70000000000005,-17.701357061655663
476.75,-20.318434927310836
476.8,-21.02031783791598
476.85,-17.427411571809742
476.90000000000003,-22.083697737353543
476.95000000000005,-20.147696638042863
477.0,-18.926714486447366
477.05,-20.77073182230827
477.1,-18.09549194214096
477.15000000000003,-20.837888142628792
477.20000000000005,-16.920843709768086
477.25,-20.027139263345152
477.3,-18.470283747855554
477.35,-18.35756477652953
477.40000000000003,-21.141090597875667
477.45000000000005,-24.02898880195555
477.5,-19.236114477091718
477.55,-19.848262724177637
477.6,-18.916001939888606
477.65000000000003,-20.51512266914999
477.70000000000005,-20.956934026054327
477.75,-16.112738721229107
477.8,-23.10759224162942
477.85,-18.72777386213078
477.90000000000003,-21.37725863872629
477.95000000000005,-20.931579757351894
478.0,-20.925781389750227
478.05,-21.92958120064544
478.1,-19.21098302088633
478.15000000000003,-17.602443050986437
478.20000000000005,-19.473579900332847
478.25,-20.23629656961151
478.3,-22.44496945458035
478.35,-19.467038585183218
478.40000000000003,-16.216161506087346
478.45000000000005,-21.31799090355461
478.5,-21.335877191604123
478.55,-21.732962434588597
478.6,-21.616050831953316
478.65000000000003,-26.153822014715807
478.70000000000005,-19.878713353314385
478.75,-22.40500870362619
478.8,-23.95910817351004
478.85,-19.256435347449347
478.90000000000003,-22.950638236887265
478.95000000000005,-21.487280702428713
479.0,-17.899948663406093
479.05,-23.67370524782357
479.1,-23.942458129825628
479.15000000000003,-20.36018355769095
479.20000000000005,-18.62090023332574
479.25,-24.089180667330506
479.3,-20.145281789052014
479.35,-19.818366505136485
479.40000000000003,-25.117929714245612
479.45000000000005,-19.421386637244723
479.5,-19.28349410591012
479.55,-21.67812815000351
479.6,-18.56724861833636
479.65000000000003,-18.815946368680137
479.70000000000005,-20.89906832596419
479.75,-22.02417077187624
479.8,-23.082439429509964
479.85,-21.22694085852735
479.90000000000003,-20.026851458795257
479.95000000000005,-21.82880247992453
480.0,-25.589052985226864
480.05,-18.66974693340018
480.1,-20.83937234932312
480.15000000000003,-21.99123098896509
480.20000000000005,-19.52934638100753
480.25,-18.205583932319076
480.3,-26.869397900522586
480.35,-20.40727564860201
480.40000000000003,-24.138843007630676
480.45000000000005,-20.296577578949307
480.5,-21.04770949995757
480.55,-20.040386424654596
480.6,-22.318119513525584
480.65000000000003,-25.073397541360126
480.70000000000005,-22.234453970185672
480.75,-20.526328853309238
480.8,-19.315051315996655
480.85,-23.694814804495422
480.90000000000003,-19.301851045835136
480.95000000000005,-22.656038744945597
481.0,-20.63921836166902
481.05,-22.387230824952553
481.1,-21.005926454319816
481.15000000000003,-19.58883640731358
481.20000000000005,-23.828442173029096
481.25,-22.735545747450242
481.3,-21.006625545665926
481.35,-16.573696252161632
481.40000000000003,-23.103051215747307
481.45000000000005,-17.295706895063468
481.5,-17.365924908270607
481.55,-21.567683972350242
481.6,-21.96714953869231
481.65000000000003,-22.752249731696853
481.70000000000005,-21.501290668038337
481.75,-24.174581582157362
481.8,-21.509368129297393
481.85,-18.358366643417373
481.90000000000003,-22.56902360190586
481.95000000000005,-21.822517050326496
482.0,-24.737052545732745
482.05,-20.579838294861798
482.1,-20.791677243605577
482.15000000000003,-21.185400873993935
482.20000000000005,-21.738111100613192
482.25,-21.881110279824586
482.3,-20.282417081171946
482.35,-21.333959170842952
482.40000000000003,-20.6359756249878
482.45000000000005,-20.825031803453758
482.5,-18.99670531273166
482.55,-19.877618247489
482.6,-20.833413166486693
482.65000000000003,-18.16930682577641
482.70000000000005,-20.352111275577606
482.75,-18.56870362368213
482.8,-19.950207501763362
482.85,-24.832877492223965
482.90000000000003,-18.52379919107198
482.95000000000005,-20.84702827501626
483.0,-21.20468490540571
483.05,-20.520955769877297
483.1,-21.7559783349907
483.15000000000003,-20.593796251295785
483.20000000000005,-22.212930470544432
483.25,-18.46144060118273
483.3,-21.217450572135647
483.35,-21.735213752696012
483.40000000000003,-22.799151988062526
483.45000000000005,-20.39048572585311
483.5,-20.532042820961767
483.55,-20.10711041208193
483.6,-22.91564908571379
483.65000000000003,-24.040176604764568
483.70000000000005,-19.56278391611945
483.75,-17.820318741558367
483.8,-22.817429517343314
483.85,-17.560443628900785
483.90000000000003,-20.14559239160224
483.95000000000005,-20.701113314442104
484.0,-21.45514289177454
484.05,-23.401624862047353
484.1,-18.629160801354804
484.15000000000003,-22.12734562611676
484.20000000000005,-22.1067477795335
484.25,-18.53377020282876
484.3,-24.253565415356384
484.35,-23.504257602942303
484.40000000000003,-20.462282163881124
484.45000000000005,-19.80788524541636
484.5,-19.392914481126777
484.55,-20.933400220472265
484.6,-15.235973691995344
484.65000000000003,-20.71889885749134
484.70000000000005,-20.69057826609954
484.75,-21.78836364893567
484.8,-19.91145379141955
484.85,-18.89371549353652
484.90000000000003,-17.680346478013373
484.95000000000005,-23.02943053793009
485.0,-20.505707616433316
485.05,-19.082660893584816
485.1,-18.76380122230723
485.15000000000003,-19.88616492886639
485.20000000000005,-18.77525883079366
485.25,-21.438378469028432
485.3,-16.664483955115163
485.35,-17.754383828700917
485.40000000000003,-22.388342776833127
485.45000000000005,-21.80704331461133
485.5,-21.708534496057116
485.55,-18.216109527092602
485.6,-22.098369123719873
485.65000000000003,-20.147333003195758
485.70000000000005,-18.531753900196524
485.75,-19.528881546674388
485.8,-18.833671288400392
485.85,-21.437459093260195
485.90000000000003,-18.070064053165265
485.95000000000005,-20.439628582463502
486.0,-19.815390120793957
486.05,-18.64314839563019
486.1,-18.86443274000413
486.15000000000003,-18.974123895215016
486.20000000000005,-20.474350931423547
486.25,-19.522729272686174
486.3,-18.86931746359191
486.35,-21.573431581274352
486.40000000000003,-19.697427053392445
486.45000000000005,-17.945626185001984
486.5,-21.22401008868192
486.55,-16.303651949260765
486.6,-16.024795868871095
486.65000000000003,-21.001060813067433
486.70000000000005,-15.741789161478698
486.75,-18.689993263244236
486.8,-17.511136928507977
486.85,-19.286339844235023
486.90000000000003,-16.391356958612977
486.95000000000005,-17.36920609449157
487.0,-19.75318829490979
487.05,-20.39831506414946
487.1,-20.93108837084111
487.15000000000003,-17.576717076265158
487.20000000000005,-16.749321183608817
487.25,-16.533543851760385
487.3,-18.012198017475132
487.35,-20.030540385825983
487.40000000000003,-19.020561372345306
487.45000000000005,-15.291133101701947
487.5,-18.504062077273876
487.55,-17.18650190143057
487.6,-19.56272968957783
487.65000000000003,-16.675915252123033
487.70000000000005,-18.20166588140463
487.75,-15.129651290584654
487.8,-15.612307578794583
487.85,-18.086749255443337
487.90000000000003,-17.28414968817727
487.95000000000005,-18.068110103928152
488.0,-19.739373562460713
488.05,-18.549596981961724
488.1,-16.372059698464316
488.15000000000003,-16.051336752273393
488.20000000000005,-16.33770240300625
488.25,-17.17078976556345
488.3,-14.6333008154562
488.35,-16.304047460984897
488.40000000000003,-14.95590969951541
488.45000000000005,-19.840844532733456
488.5,-24.068564511945315
488.55,-15.586252537936339
488.6,-18.933021363189095
488.65000000000003,-16.437653849097497
488.70000000000005,-16.54580590376865
488.75,-12.695275065073549
488.8,-14.998152777948455
488.85,-15.394104721030631
488.90000000000003,-13.979126759547174
488.95000000000005,-14.843011734577761
489.0,-16.42187243602642
489.05,-13.289694005929395
489.1,-17.577891600496407
489.15000000000003,-14.637262712084748
489.20000000000005,-18.30388489913286
489.25,-14.72547053271285
489.3,-14.671618860838253
489.35,-11.628557338111246
489.40000000000003,-18.03491566294734
489.45000000000005,-16.029876628502073
489.5,-13.105507915318357
489.55,-14.002647156814783
489.6,-14.234721210173612
489.65000000000003,-16.429295450724204
489.70000000000005,-15.619998922188055
489.75,-11.869266214312637
489.8,-14.38300283458862
489.85,-13.449553884285809
489.90000000000003,-14.350593791889748
489.95000000000005,-16.405989479348996
490.0,-12.091458809729488
490.05,-12.871538459307187
490.1,-9.18531794161315
490.15000000000003,-15.746010066094534
490.20000000000005,-11.987626951159495
490.25,-16.173458515328477
490.3,-13.152950059782858
490.35,-11.43157998285157
490.40000000000003,-17.445493257218985
490.45000000000005,-13.627400292304037
490.5,-14.259952154207019
490.55,-14.453132229381126
490.6,-12.194167472162414
490.65000000000003,-10.638289309680747
490.70000000000005,-13.060981517284235
490.75,-12.297912642617995
490.8,-12.39443008884227
490.85,-12.533306016909417
490.90000000000003,-14.629169739589257
490.95000000000005,-10.146875368786013
491.0,-11.686365302232915
491.05,-11.399698578813284
491.1,-13.714903097637226
491.15000000000003,-12.932466394118993
491.20000000000005,-12.278157957810325
491.25,-14.905727857636935
491.3,-15.124863722379878
491.35,-12.86133798645932
491.40000000000003,-10.525580866651582
491.45000000000005,-12.787413454137232
491.5,-13.429004133724078
491.55,-12.930761697731255
491.6,-12.121816287296555
491.65000000000003,-11.8283376315663
491.70000000000005,-6.698815109158598
491.75,-8.829607943824152
491.8,-8.798047889076765
491.85,-8.418940878637388
491.90000000000003,-12.6620102841175
491.95000000000005,-13.017129031236816
492.0,-12.693938839200253
492.05,-7.718754533450944
492.1,-11.389491909511698
492.15000000000003,-12.704938122280032
492.20000000000005,-10.971114393721793
492.25,-10.493011024665115
492.3,-9.38543604525022
492.35,-9.326610784847503
492.40000000000003,-11.390914736334393
492.45000000000005,-8.269075108561578
492.5,-10.824405710198937
492.55,-9.7640014980398
492.6,-7.983133274252426
492.65000000000003,-10.545362205386176
492.70000000000005,-10.305268608322615
492.75,-7.887887403452018
492.8,-10.691161978977489
492.85,-9.64956918690757
492.90000000000003,-7.672610704684286
492.95000000000005,-4.579843528497935
493.0,-7.380979210486514
493.05,-7.550097995221661
493.1,-7.3371961879584875
493.15000000000003,-10.448437316546876
493.20000000000005,-7.973959334858233
493.25,-8.16762352054681
493.3,-7.367703945120404
493.35,-7.680487220926501
493.40000000000003,-7.056585161826424
493.45000000000005,-8.341254065693779
493.5,-7.503294051320182
493.55,-9.978221366425876
493.6,-8.064294368323637
493.65000000000003,-4.544594619802923
493.70000000000005,-6.590296366908875
493.75,-7.171278981577878
493.8,-3.238589854047162
493.85,-9.653784614319223
493.90000000000003,-9.052185887231733
493.95000000000005,-3.3088970595024714
494.0,-6.543331225852871
494.05,-7.021243623010354
494.1,-8.83520501927375
494.15000000000003,-5.4420201537503265
494.20000000000005,-5.149009899294297
494.25,-8.327339084499872
494.3,-6.319229172043021
494.35,-6.609947360213937
494.40000000000003,-5.32711230143862
494.45000000000005,-7.977634327828007
494.5,-3.1352256846061666
494.55,-3.707382433927991
494.6,-6.165216325255649
494.65000000000003,-5.7714668045244375
494.70000000000005,-5.511169975212886
494.75,-6.694574352605263
494.8,-5.924386093366696
494.85,-5.477579601902257
494.90000000000003,-1.610758496128422
494.95000000000005,-2.8426629160489103
495.0,-2.765945500950921
495.05,-3.794713324435083
495.1,-6.668485619640885
495.15000000000003,-4.4160414437069395
495.20000000000005,-2.2912736946401946
495.25,-6.647938163599198
495.3,-2.7574308588439465
495.35,0.7155795686689821
495.40000000000003,-1.7050836051248748
495.45000000000005,-0.8997162111433914
495.5,-3.190137299751135
495.55,-1.5899771171866006
495.6,-4.860562714809458
495.65000000000003,-1.732136150642708
495.70000000000005,-1.9140903736107917
495.75,-2.542045695264009
495.8,-0.3888562972609102
495.85,-3.997448752453649
495.90000000000003,-3.193010049683478
495.95000000000005,-2.5269980252538775
496.0,-4.676185441971182
496.05,-2.062158451786613
496.1,-5.85296259756638
496.15000000000003,-0.22029587023774955
496.20000000000005,-2.120060248495012
496.25,-3.1542808443106454
496.3,-3.6804354627345264
496.35,-2.3800757772522676
496.40000000000003,-0.4336671829360321
496.45000000000005,-0.6140200652107104
496.5,-3.019930988962915
496.55,-3.200340283175482
496.6,-0.09392125523572914
496.65000000000003,-2.751926204380856
496.70000000000005,-1.0869826785684475
496.75,-0.858924980501834
496.8,-0.38200634694375746
496.85,0.8106465046188744
496.90000000000003,-3.3316544653706117
496.95000000000005,-4.527955054066604
497.0,-1.7405154347065717
497.05,3.0973717419723044
497.1,3.6385161213234642
497.15000000000003,3.3562893175210657
497.20000000000005,-0.592349494146821
497.25,-3.6710307131613256
497.3,-4.6933875784179
497.35,-1.135992603676485
497.40000000000003,-0.2047715643133507
497.45000000000005,2.8918143241366945
497.5,2.125255090086724
497.55,0.9434247805033723
497.6,-1.1922176794286097
497.65000000000003,-1.2353462334125964
497.70000000000005,1.2930900573366444
497.75,2.2774362259430037
497.8,1.7654711750236998
497.85,-0.9892410700537928
497.90000000000003,2.4794051479276513
497.95000000000005,2.1278727416534093
498.0,-0.7674381712386338
498.05,-0.09704350110250881
498.1,2.9461512072695863
498.15000000000003,1.1975590900943769
498.20000000000005,4.942134820586618
498.25,2.8632130600760792
498.3,0.9846517429720408
498.35,2.034304945977217
498.40000000000003,2.278124478976812
498.45000000000005,0.7910552456396003
498.5,0.5189714061541919
498.55,3.8430704016276023
498.6,4.226808038636787
498.65000000000003,3.8396203800847686
498.70000000000005,5.758311947799097
498.75,1.7395670920590494
498.8,6.266909562192577
498.85,1.2115941036134248
498.90000000000003,1.0829445625319547
498.95000000000005,-0.3169144858084807
499.0,2.4059056932722793
499.05,2.384347365320548
499.1,4.537762225540814
499.15000000000003,4.067562324799928
499.20000000000005,1.2875208792120345
499.25,2.981493990269719
499.3,3.1172902104560984
499.35,0.40130376787402566
499.40000000000003,2.084212335282663
499.45000000000005,2.597096879413048
499.5,7.09837067180967
499.55,4.706194023190202
499.6,5.739574864369727
499.65000000000003,1.5096812832129713
499.70000000000005,6.986863681507094
499.75,7.291886168976102
499.8,0.7840017096868266
499.85,3.46082746658683
499.90000000000003,5.953518407866512
499.95000000000005,6.341045012777822
